,PassengerId,Survived,Pclass,Name,Sex,Age,SibSp,Parch,Ticket,Fare,Embarked,FamilySize,IsAlone
0,1,0,3,Braund  Mr. Owen Harris,male,22.0,1,0,A/5 21171,7.25,S,1,1
1,2,1,1,Cumings  Mrs. John Bradley (Florence Briggs Thayer),female,38.0,1,0,PC 17599,71.283302,C,1,1
2,3,1,3,Heikkinen  Miss. Laina,female,26.0,0,0,STON/O2. 3101282,7.9250002,S,0,0
3,4,1,1,Futrelle  Mrs. Jacques Heath (Lily May Peel),female,35.0,1,0,113803,53.099998,S,1,1
4,5,0,3,Allen  Mr. William Henry,male,35.0,0,0,373450,8.0500002,S,0,0
5,6,0,3,Moran  Mr. James,male,23.752999999999997,0,0,330877,8.4582996,Q,0,0
6,7,0,1,McCarthy  Mr. Timothy J,male,54.0,0,0,17463,51.862499,S,0,0
7,8,0,3,Palsson  Master. Gosta Leonard,male,2.0,3,1,349909,21.075001,S,4,0
8,9,1,3,Johnson  Mrs. Oscar W (Elisabeth Vilhelmina Berg),female,27.0,0,2,347742,11.1333,S,2,0
9,10,1,2,Nasser  Mrs. Nicholas (Adele Achem),female,14.0,1,0,237736,30.070801,C,1,1
10,11,1,3,Sandstrom  Miss. Marguerite Rut,female,4.0,1,1,PP 9549,16.700001,S,2,0
11,12,1,1,Bonnell  Miss. Elizabeth,female,58.0,0,0,113783,26.549999,S,0,0
12,13,0,3,Saundercock  Mr. William Henry,male,20.0,0,0,A/5. 2151,8.0500002,S,0,0
13,14,0,3,Andersson  Mr. Anders Johan,male,39.0,1,5,347082,31.275,S,6,0
14,15,0,3,Vestrom  Miss. Hulda Amanda Adolfina,female,14.0,0,0,350406,7.8541999,S,0,0
15,16,1,2,Hewlett  Mrs. (Mary D Kingcome) ,female,55.0,0,0,248706,16.0,S,0,0
16,17,0,3,Rice  Master. Eugene,male,2.0,4,1,382652,29.125,Q,5,0
17,18,1,2,Williams  Mr. Charles Eugene,male,31.979850054166132,0,0,244373,13.0,S,0,0
18,19,0,3,Vander Planke  Mrs. Julius (Emelia Maria Vandemoortele),female,31.0,1,0,345763,18.0,S,1,1
19,20,1,3,Masselmani  Mrs. Fatima,female,29.589628663003655,0,0,2649,7.2249999,C,0,0
20,21,0,2,Fynney  Mr. Joseph J,male,35.0,0,0,239865,26.0,S,0,0
21,22,1,2,Beesley  Mr. Lawrence,male,34.0,0,0,248698,13.0,S,0,0
22,23,1,3,"McGowan  Miss. Anna ""Annie""",female,15.0,0,0,330923,8.0291996,Q,0,0
23,24,1,1,Sloper  Mr. William Thompson,male,28.0,0,0,113788,35.5,S,0,0
24,25,0,3,Palsson  Miss. Torborg Danira,female,8.0,3,1,349909,21.075001,S,4,0
25,26,1,3,Asplund  Mrs. Carl Oscar (Selma Augusta Emilia Johansson),female,38.0,1,5,347077,31.387501,S,6,0
26,27,0,3,Emir  Mr. Farred Chehab,male,29.589628663003655,0,0,2631,7.2249999,C,0,0
27,28,0,1,Fortune  Mr. Charles Alexander,male,19.0,3,2,19950,263.0,S,5,0
28,29,1,3,"O'Dwyer  Miss. Ellen ""Nellie""",female,21.492571839080462,0,0,330959,7.8792,Q,0,0
29,30,0,3,Todoroff  Mr. Lalio,male,27.986140209531754,0,0,349216,7.8958001,S,0,0
30,31,0,1,Uruchurtu  Don. Manuel E,male,40.0,0,0,PC 17601,27.7208,C,0,0
31,32,1,1,Spencer  Mrs. William Augustus (Marie Eugenie),female,36.14033333333334,1,0,PC 17569,146.5208,C,1,1
32,33,1,3,Glynn  Miss. Mary Agatha,female,36.124156188110135,0,0,335677,7.75,Q,0,0
33,34,0,2,Wheadon  Mr. Edward H,male,66.0,0,0,C.A. 24579,10.5,S,0,0
34,35,0,1,Meyer  Mr. Edgar Joseph,male,28.0,1,0,PC 17604,82.170799,C,1,1
35,36,0,1,Holverson  Mr. Alexander Oskar,male,42.0,1,0,113789,52.0,S,1,1
36,37,1,3,Mamee  Mr. Hanna,male,22.59023977411476,0,0,2677,7.2291999,C,0,0
37,38,0,3,Cann  Mr. Ernest Charles,male,21.0,0,0,A./5. 2152,8.0500002,S,0,0
38,39,0,3,Vander Planke  Miss. Augusta Maria,female,18.0,2,0,345764,18.0,S,2,0
39,40,1,3,Nicola-Yarred  Miss. Jamila,female,14.0,1,0,2651,11.2417,C,1,1
40,41,0,3,Ahlin  Mrs. Johan (Johanna Persdotter Larsson),female,40.0,1,0,7546,9.4750004,S,1,1
41,42,0,2,Turpin  Mrs. William John Robert (Dorothy Ann Wonnacott),female,27.0,1,0,11668,21.0,S,1,1
42,43,0,3,Kraeff  Mr. Theodor,male,27.986140209531754,0,0,349253,7.8958001,C,0,0
43,44,1,2,Laroche  Miss. Simonne Marie Anne Andree,female,3.0,1,2,SC/Paris 2123,41.579201,C,3,0
44,45,1,3,Devaney  Miss. Margaret Delia,female,19.0,0,0,330958,7.8792,Q,0,0
45,46,0,3,Rogers  Mr. William John,male,31.051514586770406,0,0,S.C./A.4. 23567,8.0500002,S,0,0
46,47,0,3,Lennon  Mr. Denis,male,33.598,1,0,370371,15.5,Q,1,1
47,48,1,3,O'Driscoll  Miss. Bridget,female,36.124156188110135,0,0,14311,7.75,Q,0,0
48,49,0,3,Samaan  Mr. Youssef,male,23.03416666666667,2,0,2662,21.679199,C,2,0
49,50,0,3,Arnold-Franchi  Mrs. Josef (Josefine Franchi),female,18.0,1,0,349237,17.799999,S,1,1
50,51,0,3,Panula  Master. Juha Niilo,male,7.0,4,1,3101295,39.6875,S,5,0
51,52,0,3,Nosworthy  Mr. Richard Cater,male,21.0,0,0,A/4. 39886,7.8000002,S,0,0
52,53,1,1,Harper  Mrs. Henry Sleeper (Myna Haxtun),female,49.0,1,0,PC 17572,76.729202,C,1,1
53,54,1,2,Faunthorpe  Mrs. Lizzie (Elizabeth Anne Wilkinson),female,29.0,1,0,2926,26.0,S,1,1
54,55,0,1,Ostby  Mr. Engelhart Cornelius,male,65.0,0,1,113509,61.979198,C,1,1
55,56,1,1,Woolner  Mr. Hugh,male,44.86842857142855,0,0,19947,35.5,S,0,0
56,57,1,2,Rugg  Miss. Emily,female,21.0,0,0,C.A. 31026,10.5,S,0,0
57,58,0,3,Novel  Mr. Mansouer,male,28.5,0,0,2697,7.2291999,C,0,0
58,59,1,2,West  Miss. Constance Mirium,female,5.0,1,2,C.A. 34651,27.75,S,3,0
59,60,0,3,Goodwin  Master. William Frederick,male,11.0,5,2,CA 2144,46.900002,S,7,0
60,61,0,3,Sirayanian  Mr. Orsen,male,22.0,0,0,2669,7.2291999,C,0,0
61,63,0,1,Harris  Mr. Henry Birkhardt,male,45.0,1,0,36973,83.474998,S,1,1
62,64,0,3,Skoog  Master. Harald,male,4.0,3,2,347088,27.9,S,5,0
63,65,0,1,Stewart  Mr. Albert A,male,41.218,0,0,PC 17605,27.7208,C,0,0
64,66,1,3,Moubarek  Master. Gerios,male,17.672000000000004,1,1,2661,15.2458,C,2,0
65,135,0,2,Sobey  Mr. Samuel James Hayden,male,25.0,0,0,C.A. 29178,13.0,S,0,0
66,136,0,2,Richard  Mr. Emile,male,23.0,0,0,SC/PARIS 2133,15.0458,C,0,0
67,137,1,1,Newsom  Miss. Helen Monypeny,female,19.0,0,2,11752,26.2833,S,2,0
68,138,0,1,Futrelle  Mr. Jacques Heath,male,37.0,1,0,113803,53.099998,S,1,1
69,139,0,3,Osen  Mr. Olaf Elon,male,16.0,0,0,7534,9.2166996,S,0,0
70,140,0,1,Giglio  Mr. Victor,male,24.0,0,0,PC 17593,79.199997,C,0,0
71,141,0,3,Boulos  Mrs. Joseph (Sultana),female,23.77666666666667,0,2,2678,15.2458,C,2,0
72,142,1,3,Nysten  Miss. Anna Sofia,female,22.0,0,0,347081,7.75,S,0,0
73,143,1,3,Hakkarainen  Mrs. Pekka Pietari (Elin Matilda Dolck),female,24.0,1,0,STON/O2. 3101279,15.85,S,1,1
74,144,0,3,Burke  Mr. Jeremiah,male,19.0,0,0,365222,6.75,Q,0,0
75,145,0,2,Andrew  Mr. Edgardo Samuel,male,18.0,0,0,231945,11.5,S,0,0
76,146,0,2,Nicholls  Mr. Joseph Charles,male,19.0,1,1,C.A. 33112,36.75,S,2,0
77,147,1,3,"Andersson  Mr. August Edvard (""Wennerstrom"")",male,27.0,0,0,350043,7.7958002,S,0,0
78,148,0,3,"Ford  Miss. Robina Maggie ""Ruby""",female,9.0,2,2,W./C. 6608,34.375,S,4,0
79,149,0,2,"Navratil  Mr. Michel (""Louis M Hoffman"")",male,36.5,0,2,230080,26.0,S,2,0
80,150,0,2,Byles  Rev. Thomas Roussel Davids,male,42.0,0,0,244310,13.0,S,0,0
81,151,0,2,Bateman  Rev. Robert James,male,51.0,0,0,S.O.P. 1166,12.525,S,0,0
82,152,1,1,Pears  Mrs. Thomas (Edith Wearne),female,22.0,1,0,113776,66.599998,S,1,1
83,153,0,3,Meo  Mr. Alfonzo,male,55.5,0,0,A.5. 11206,8.0500002,S,0,0
84,154,0,3,van Billiard  Mr. Austin Blyler,male,40.5,0,2,A/5. 851,14.5,S,2,0
85,155,0,3,Olsen  Mr. Ole Martin,male,29.914239466673667,0,0,Fa 265302,7.3125,S,0,0
86,156,0,1,Williams  Mr. Charles Duane,male,51.0,0,1,PC 17597,61.3792,C,1,1
87,157,1,3,"Gilnagh  Miss. Katherine ""Katie""",female,16.0,0,0,35851,7.7333002,Q,0,0
88,158,0,3,Corn  Mr. Harry,male,30.0,0,0,SOTON/OQ 392090,8.0500002,S,0,0
89,159,0,3,Smiljanic  Mr. Mile,male,25.296743770118784,0,0,315037,8.6625004,S,0,0
90,160,0,3,Sage  Master. Thomas Henry,male,12.0250386002886,8,2,CA. 2343,69.550003,S,10,0
91,161,0,3,Cribb  Mr. John Hatfield,male,44.0,0,1,371362,16.1,S,1,1
92,162,1,2,"Watt  Mrs. James (Elizabeth ""Bessie"" Inglis Milne)",female,40.0,0,0,C.A. 33595,15.75,S,0,0
93,163,0,3,Bengtsson  Mr. John Viktor,male,26.0,0,0,347068,7.7750001,S,0,0
94,164,0,3,Calic  Mr. Jovo,male,17.0,0,0,315093,8.6625004,S,0,0
95,165,0,3,Panula  Master. Eino Viljami,male,1.0,4,1,3101295,39.6875,S,5,0
96,166,1,3,"Goldsmith  Master. Frank John William ""Frankie""",male,9.0,0,2,363291,20.525,S,2,0
97,167,1,1,Chibnall  Mrs. (Edith Martha Bowerman),female,25.251666666666665,0,1,113505,55.0,S,1,1
98,168,0,3,Skoog  Mrs. William (Anna Bernhardina Karlsson),female,45.0,1,4,347088,27.9,S,5,0
99,169,0,1,Baumann  Mr. John D,male,49.273,0,0,PC 17318,25.924999,S,0,0
100,170,0,3,Ling  Mr. Lee,male,28.0,0,0,1601,56.4958,S,0,0
101,171,0,1,Van der hoef  Mr. Wyckoff,male,61.0,0,0,111240,33.5,S,0,0
102,172,0,3,Rice  Master. Arthur,male,4.0,4,1,382652,29.125,Q,5,0
103,173,1,3,Johnson  Miss. Eleanor Ileen,female,1.0,1,1,347742,11.1333,S,2,0
104,174,0,3,Sivola  Mr. Antti Wilhelm,male,21.0,0,0,STON/O 2. 3101280,7.9250002,S,0,0
105,175,0,1,Smith  Mr. James Clinch,male,56.0,0,0,17764,30.695801,C,0,0
106,176,0,3,Klasen  Mr. Klas Albin,male,18.0,1,1,350404,7.8541999,S,2,0
107,177,0,3,Lefebre  Master. Henry Forbes,male,7.135675685425685,3,1,4133,25.4667,S,4,0
108,178,0,1,Isham  Miss. Ann Elizabeth,female,50.0,0,0,PC 17595,28.7125,C,0,0
109,179,0,2,Hale  Mr. Reginald,male,30.0,0,0,250653,13.0,S,0,0
110,180,0,3,Leonard  Mr. Lionel,male,36.0,0,0,LINE,0.0,S,0,0
111,181,0,3,Sage  Miss. Constance Gladys,female,12.0250386002886,8,2,CA. 2343,69.550003,S,10,0
112,182,0,2,Pernot  Mr. Rene,male,31.19,0,0,SC/PARIS 2131,15.05,C,0,0
113,183,0,3,Asplund  Master. Clarence Gustaf Hugo,male,9.0,4,2,347077,31.387501,S,6,0
114,184,1,2,Becker  Master. Richard F,male,1.0,2,1,230136,39.0,S,3,0
115,185,1,3,Kink-Heilmann  Miss. Luise Gretchen,female,4.0,0,2,315153,22.025,S,2,0
116,186,0,1,Rood  Mr. Hugh Roscoe,male,44.38033333333334,0,0,113767,50.0,S,0,0
117,187,1,3,"O'Brien  Mrs. Thomas (Johanna ""Hannah"" Godfrey)",female,33.598,1,0,370365,15.5,Q,1,1
118,188,1,1,"Romaine  Mr. Charles Hallace (""Mr C Rolmane"")",male,45.0,0,0,111428,26.549999,S,0,0
119,189,0,3,Bourke  Mr. John,male,40.0,1,1,364849,15.5,Q,2,0
120,190,0,3,Turcin  Mr. Stjepan,male,36.0,0,0,349247,7.8958001,S,0,0
121,191,1,2,Pinsky  Mrs. (Rosa),female,32.0,0,0,234604,13.0,S,0,0
122,192,0,2,Carbines  Mr. William,male,19.0,0,0,28424,13.0,S,0,0
123,193,1,3,Andersen-Jensen  Miss. Carla Christine Nielsine,female,19.0,1,0,350046,7.8541999,S,1,1
124,194,1,2,Navratil  Master. Michel M,male,3.0,1,1,230080,26.0,S,2,0
125,195,1,1,Brown  Mrs. James Joseph (Margaret Tobin),female,44.0,0,0,PC 17610,27.7208,C,0,0
126,196,1,1,Lurette  Miss. Elise,female,58.0,0,0,PC 17569,146.5208,C,0,0
127,197,0,3,Mernagh  Mr. Robert,male,36.124156188110135,0,0,368703,7.75,Q,0,0
128,198,0,3,Olsen  Mr. Karl Siegwart Andreas,male,42.0,0,1,4579,8.4041996,S,1,1
129,199,1,3,"Madigan  Miss. Margaret ""Maggie""",female,36.124156188110135,0,0,370370,7.75,Q,0,0
130,200,0,2,"Yrois  Miss. Henriette (""Mrs Harbeck"")",female,24.0,0,0,248747,13.0,S,0,0
131,201,0,3,Vande Walle  Mr. Nestor Cyriel,male,28.0,0,0,345770,9.5,S,0,0
132,202,0,3,Sage  Mr. Frederick,male,12.0250386002886,8,2,CA. 2343,69.550003,S,10,0
133,203,0,3,Johanson  Mr. Jakob Alfred,male,34.0,0,0,3101264,6.4958,S,0,0
134,204,0,3,Youseff  Mr. Gerious,male,45.5,0,0,2628,7.2249999,C,0,0
135,205,1,3,"Cohen  Mr. Gurshon ""Gus""",male,18.0,0,0,A/5 3540,8.0500002,S,0,0
136,206,0,3,Strom  Miss. Telma Matilda,female,2.0,0,1,347054,10.4625,S,1,1
137,207,0,3,Backstrom  Mr. Karl Alfred,male,32.0,1,0,3101278,15.85,S,1,1
138,208,1,3,Albimona  Mr. Nassef Cassem,male,26.0,0,0,2699,18.7875,C,0,0
139,209,1,3,"Carr  Miss. Helen ""Ellen""",female,16.0,0,0,367231,7.75,Q,0,0
140,210,1,1,Blank  Mr. Henry,male,40.0,0,0,112277,31.0,C,0,0
141,211,0,3,Ali  Mr. Ahmed,male,24.0,0,0,SOTON/O.Q. 3101311,7.0500002,S,0,0
142,212,1,2,Cameron  Miss. Clear Annie,female,35.0,0,0,F.C.C. 13528,21.0,S,0,0
143,213,0,3,Perkin  Mr. John Henry,male,22.0,0,0,A/5 21174,7.25,S,0,0
144,214,0,2,Givard  Mr. Hans Kristensen,male,30.0,0,0,250646,13.0,S,0,0
145,215,0,3,Kiernan  Mr. Philip,male,31.198418364315422,1,0,367229,7.75,Q,1,1
146,216,1,1,Newell  Miss. Madeleine,female,31.0,1,0,35273,113.275,C,1,1
147,217,1,3,Honkanen  Miss. Eliina,female,27.0,0,0,STON/O2. 3101283,7.9250002,S,0,0
148,218,0,2,Jacobsohn  Mr. Sidney Samuel,male,42.0,1,0,243847,27.0,S,1,1
149,219,1,1,Bazzani  Miss. Albina,female,32.0,0,0,11813,76.291702,C,0,0
150,220,0,2,Harris  Mr. Walter,male,30.0,0,0,W/C 14208,10.5,S,0,0
151,221,1,3,Sunderland  Mr. Victor Francis,male,16.0,0,0,SOTON/OQ 392089,8.0500002,S,0,0
152,222,0,2,Bracken  Mr. James H,male,27.0,0,0,220367,13.0,S,0,0
153,223,0,3,Green  Mr. George Henry,male,51.0,0,0,21440,8.0500002,S,0,0
154,224,0,3,Nenkoff  Mr. Christo,male,27.986140209531754,0,0,349234,7.8958001,S,0,0
155,225,1,1,Hoyt  Mr. Frederick Maxfield,male,38.0,1,0,19943,90.0,S,1,1
156,226,0,3,Berglund  Mr. Karl Ivar Sven,male,22.0,0,0,PP 4348,9.3500004,S,0,0
157,227,1,2,Mellors  Mr. William John,male,19.0,0,0,SW/PP 751,10.5,S,0,0
158,228,0,3,"Lovell  Mr. John Hall (""Henry"")",male,20.5,0,0,A/5 21173,7.25,S,0,0
159,229,0,2,Fahlstrom  Mr. Arne Jonas,male,18.0,0,0,236171,13.0,S,0,0
160,230,0,3,Lefebre  Miss. Mathilde,female,7.135675685425685,3,1,4133,25.4667,S,4,0
161,231,1,1,Harris  Mrs. Henry Birkhardt (Irene Wallach),female,35.0,1,0,36973,83.474998,S,1,1
162,232,0,3,Larsson  Mr. Bengt Edvin,male,29.0,0,0,347067,7.7750001,S,0,0
163,233,0,2,Sjostedt  Mr. Ernst Adolf,male,59.0,0,0,237442,13.5,S,0,0
164,234,1,3,Asplund  Miss. Lillian Gertrud,female,5.0,4,2,347077,31.387501,S,6,0
165,235,0,2,Leyson  Mr. Robert William Norman,male,24.0,0,0,C.A. 29566,10.5,S,0,0
166,236,0,3,Harknett  Miss. Alice Phoebe,female,33.43733333333333,0,0,W./C. 6609,7.5500002,S,0,0
167,237,0,2,Hold  Mr. Stephen,male,44.0,1,0,26707,26.0,S,1,1
168,238,1,2,"Collyer  Miss. Marjorie ""Lottie""",female,8.0,0,2,C.A. 31921,26.25,S,2,0
169,239,0,2,Pengelly  Mr. Frederick William,male,19.0,0,0,28665,10.5,S,0,0
170,240,0,2,Hunt  Mr. George Henry,male,33.0,0,0,SCO/W 1585,12.275,S,0,0
171,241,0,3,Zabour  Miss. Thamine,female,20.994726190476182,1,0,2665,14.4542,C,1,1
172,242,1,3,"Murphy  Miss. Katherine ""Kate""",female,33.598,1,0,367230,15.5,Q,1,1
173,243,0,2,Coleridge  Mr. Reginald Charles,male,29.0,0,0,W./C. 14263,10.5,S,0,0
174,244,0,3,Maenpaa  Mr. Matti Alexanteri,male,22.0,0,0,STON/O 2. 3101275,7.125,S,0,0
175,245,0,3,Attalah  Mr. Sleiman,male,30.0,0,0,2694,7.2249999,C,0,0
176,246,0,1,Minahan  Dr. William Edward,male,44.0,2,0,19928,90.0,Q,2,0
177,247,0,3,Lindahl  Miss. Agda Thorilda Viktoria,female,25.0,0,0,347071,7.7750001,S,0,0
178,248,1,2,Hamalainen  Mrs. William (Anna),female,24.0,0,2,250649,14.5,S,2,0
179,249,1,1,Beckwith  Mr. Richard Leonard,male,37.0,1,1,11751,52.554199,S,2,0
180,250,0,2,Carter  Rev. Ernest Courtenay,male,54.0,1,0,244252,26.0,S,1,1
181,251,0,3,Reed  Mr. James George,male,29.914239466673667,0,0,362316,7.25,S,0,0
182,252,0,3,Strom  Mrs. Wilhelm (Elna Matilda Persson),female,29.0,1,1,347054,10.4625,S,2,0
183,253,0,1,Stead  Mr. William Thomas,male,62.0,0,0,113514,26.549999,S,0,0
184,254,0,3,Lobb  Mr. William Arthur,male,30.0,1,0,A/5. 3336,16.1,S,1,1
185,255,0,3,Rosblom  Mrs. Viktor (Helena Wilhelmina),female,41.0,0,2,370129,20.2125,S,2,0
186,256,1,3,Touma  Mrs. Darwis (Hanne Youssef Razi),female,29.0,0,2,2650,15.2458,C,2,0
187,257,1,1,Thorne  Mrs. Gertrude Maybelle,female,32.61066666666667,0,0,PC 17585,79.199997,C,0,0
188,258,1,1,Cherry  Miss. Gladys,female,30.0,0,0,110152,86.5,S,0,0
189,259,1,1,Ward  Miss. Anna,female,35.0,0,0,PC 17755,512.32922,C,0,0
190,260,1,2,Parrish  Mrs. (Lutie Davis),female,50.0,0,1,230433,26.0,S,1,1
191,261,0,3,Smith  Mr. Thomas,male,36.124156188110135,0,0,384461,7.75,Q,0,0
192,262,1,3,Asplund  Master. Edvin Rojj Felix,male,3.0,4,2,347077,31.387501,S,6,0
193,263,0,1,Taussig  Mr. Emil,male,52.0,1,1,110413,79.650002,S,2,0
194,264,0,1,Harrison  Mr. William,male,40.0,0,0,112059,0.0,S,0,0
195,265,0,3,Henry  Miss. Delia,female,36.124156188110135,0,0,382649,7.75,Q,0,0
196,266,0,2,Reeves  Mr. David,male,36.0,0,0,C.A. 17248,10.5,S,0,0
197,267,0,3,Panula  Mr. Ernesti Arvid,male,16.0,4,1,3101295,39.6875,S,5,0
198,268,1,3,Persson  Mr. Ernst Ulrik,male,25.0,1,0,347083,7.7750001,S,1,1
199,269,1,1,Graham  Mrs. William Thompson (Edith Junkins),female,58.0,0,1,PC 17582,153.46249,S,1,1
200,270,1,1,Bissette  Miss. Amelia,female,35.0,0,0,PC 17760,135.6333,S,0,0
201,271,0,1,Cairns  Mr. Alexander,male,36.49795238095238,0,0,113798,31.0,S,0,0
202,272,1,3,Tornquist  Mr. William Henry,male,25.0,0,0,LINE,0.0,S,0,0
203,273,1,2,Mellinger  Mrs. (Elizabeth Anne Maidment),female,41.0,0,1,250644,19.5,S,1,1
204,274,0,1,Natsch  Mr. Charles H,male,37.0,0,1,PC 17596,29.700001,C,1,1
205,275,1,3,"Healy  Miss. Hanora ""Nora""",female,36.124156188110135,0,0,370375,7.75,Q,0,0
206,276,1,1,Andrews  Miss. Kornelia Theodosia,female,63.0,1,0,13502,77.958298,S,1,1
207,277,0,3,Lindblom  Miss. Augusta Charlotta,female,45.0,0,0,347073,7.75,S,0,0
208,278,0,2,"Parkes  Mr. Francis ""Frank""",male,34.57483184987365,0,0,239853,0.0,S,0,0
209,279,0,3,Rice  Master. Eric,male,7.0,4,1,382652,29.125,Q,5,0
210,280,1,3,Abbott  Mrs. Stanton (Rosa Hunt),female,35.0,1,1,C.A. 2673,20.25,S,2,0
211,281,0,3,Duane  Mr. Frank,male,65.0,0,0,336439,7.75,Q,0,0
212,282,0,3,Olsson  Mr. Nils Johan Goransson,male,28.0,0,0,347464,7.8541999,S,0,0
213,283,0,3,de Pelsmaeker  Mr. Alfons,male,16.0,0,0,345778,9.5,S,0,0
214,284,1,3,Dorking  Mr. Edward Arthur,male,19.0,0,0,A/5. 10482,8.0500002,S,0,0
215,285,0,1,Smith  Mr. Richard William,male,57.314499999999995,0,0,113056,26.0,S,0,0
216,286,0,3,Stankovic  Mr. Ivan,male,33.0,0,0,349239,8.6625004,C,0,0
217,287,1,3,de Mulder  Mr. Theodore,male,30.0,0,0,345774,9.5,S,0,0
218,288,0,3,Naidenoff  Mr. Penko,male,22.0,0,0,349206,7.8958001,S,0,0
219,289,1,2,Hosono  Mr. Masabumi,male,42.0,0,0,237798,13.0,S,0,0
220,290,1,3,Connolly  Miss. Kate,female,22.0,0,0,370373,7.75,Q,0,0
221,291,1,1,"Barber  Miss. Ellen ""Nellie""",female,26.0,0,0,19877,78.849998,S,0,0
222,292,1,1,Bishop  Mrs. Dickinson H (Helen Walton),female,19.0,1,0,11967,91.079201,C,1,1
223,293,0,2,Levy  Mr. Rene Jacques,male,36.0,0,0,SC/Paris 2163,12.875,C,0,0
224,294,0,3,Haas  Miss. Aloisia,female,24.0,0,0,349236,8.8500004,S,0,0
225,295,0,3,Mineff  Mr. Ivan,male,24.0,0,0,349233,7.8958001,S,0,0
226,296,0,1,Lewy  Mr. Ervin G,male,41.218,0,0,PC 17612,27.7208,C,0,0
227,297,0,3,Hanna  Mr. Mansour,male,23.5,0,0,2693,7.2291999,C,0,0
228,298,0,1,Allison  Miss. Helen Loraine,female,2.0,1,2,113781,151.55,S,3,0
229,299,1,1,Saalfeld  Mr. Adolphe,male,41.83821428571427,0,0,19988,30.5,S,0,0
230,300,1,1,Baxter  Mrs. James (Helene DeLaudeniere Chaput),female,50.0,0,1,PC 17558,247.5208,C,1,1
231,301,1,3,"Kelly  Miss. Anna Katherine ""Annie Kate""",female,36.124156188110135,0,0,9234,7.75,Q,0,0
232,302,1,3,McCoy  Mr. Bernard,male,22.68916666666667,2,0,367226,23.25,Q,2,0
233,303,0,3,Johnson  Mr. William Cahoone Jr,male,19.0,0,0,LINE,0.0,S,0,0
234,304,1,2,Keane  Miss. Nora A,female,42.65964285714286,0,0,226593,12.35,Q,0,0
235,305,0,3,"Williams  Mr. Howard Hugh ""Harry""",male,31.051514586770406,0,0,A/5 2466,8.0500002,S,0,0
236,306,1,1,Allison  Master. Hudson Trevor,male,0.92000002,1,2,113781,151.55,S,3,0
237,307,1,1,Fleming  Miss. Margaret,female,27.778749999999995,0,0,17421,110.8833,C,0,0
238,308,1,1,Penasco y Castellana  Mrs. Victor de Satode (Maria Josefa Perez de Soto y Vallejo),female,17.0,1,0,PC 17758,108.9,C,1,1
239,309,0,2,Abelson  Mr. Samuel,male,30.0,1,0,P/PP 3381,24.0,C,1,1
240,310,1,1,Francatelli  Miss. Laura Mabel,female,30.0,0,0,PC 17485,56.929199,C,0,0
241,311,1,1,Hays  Miss. Margaret Bechstein,female,24.0,0,0,11767,83.158302,C,0,0
242,312,1,1,Ryerson  Miss. Emily Borie,female,18.0,2,2,PC 17608,262.375,C,4,0
243,313,0,2,Lahtinen  Mrs. William (Anna Sylfven),female,26.0,1,1,250651,26.0,S,2,0
244,314,0,3,Hendekovic  Mr. Ignjac,male,28.0,0,0,349243,7.8958001,S,0,0
245,315,0,2,Hart  Mr. Benjamin,male,43.0,1,1,F.C.C. 13529,26.25,S,2,0
246,316,1,3,Nilsson  Miss. Helmina Josefina,female,26.0,0,0,347470,7.8541999,S,0,0
247,317,1,2,Kantor  Mrs. Sinai (Miriam Sternin),female,24.0,1,0,244367,26.0,S,1,1
248,318,0,2,Moraweck  Dr. Ernest,male,54.0,0,0,29011,14.0,S,0,0
249,319,1,1,Wick  Miss. Mary Natalie,female,31.0,0,2,36928,164.8667,S,2,0
250,320,1,1,Spedden  Mrs. Frederic Oakley (Margaretta Corning Stone),female,40.0,1,1,16966,134.5,C,2,0
251,321,0,3,Dennis  Mr. Samuel,male,22.0,0,0,A/5 21172,7.25,S,0,0
252,322,0,3,Danoff  Mr. Yoto,male,27.0,0,0,349219,7.8958001,S,0,0
253,323,1,2,Slayter  Miss. Hilda Mary,female,30.0,0,0,234818,12.35,Q,0,0
254,324,1,2,Caldwell  Mrs. Albert Francis (Sylvia Mae Harbaugh),female,22.0,1,1,248738,29.0,S,2,0
255,325,0,3,Sage  Mr. George John Jr,male,12.0250386002886,8,2,CA. 2343,69.550003,S,10,0
256,326,1,1,Young  Miss. Marie Grice,female,36.0,0,0,PC 17760,135.6333,C,0,0
257,327,0,3,Nysveen  Mr. Johan Hansen,male,61.0,0,0,345364,6.2375002,S,0,0
258,328,1,2,Ball  Mrs. (Ada E Hall),female,36.0,0,0,28551,13.0,S,0,0
259,329,1,3,Goldsmith  Mrs. Frank John (Emily Alice Brown),female,31.0,1,1,363291,20.525,S,2,0
260,330,1,1,Hippach  Miss. Jean Gertrude,female,16.0,0,1,111361,57.979198,C,1,1
261,331,1,3,McCoy  Miss. Agnes,female,22.68916666666667,2,0,367226,23.25,Q,2,0
262,332,0,1,Partner  Mr. Austen,male,45.5,0,0,113043,28.5,S,0,0
263,333,0,1,Graham  Mr. George Edward,male,38.0,0,1,PC 17582,153.46249,S,1,1
264,334,0,3,Vander Planke  Mr. Leo Edmondus,male,16.0,2,0,345764,18.0,S,2,0
265,335,1,1,Frauenthal  Mrs. Henry William (Clara Heinsheimer),female,31.47797619047619,1,0,PC 17611,133.64999,S,1,1
266,336,0,3,Denkoff  Mr. Mitto,male,27.986140209531754,0,0,349225,7.8958001,S,0,0
267,337,0,1,Pears  Mr. Thomas Clinton,male,29.0,1,0,113776,66.599998,S,1,1
268,338,1,1,Burns  Miss. Elizabeth Margaret,female,41.0,0,0,16966,134.5,C,0,0
269,339,1,3,Dahl  Mr. Karl Edwart,male,45.0,0,0,7598,8.0500002,S,0,0
270,340,0,1,Blackwell  Mr. Stephen Weart,male,45.0,0,0,113784,35.5,S,0,0
271,341,1,2,Navratil  Master. Edmond Roger,male,2.0,1,1,230080,26.0,S,2,0
272,342,1,1,Fortune  Miss. Alice Elizabeth,female,24.0,3,2,19950,263.0,S,5,0
273,343,0,2,Collander  Mr. Erik Gustaf,male,28.0,0,0,248740,13.0,S,0,0
274,344,0,2,Sedgwick  Mr. Charles Frederick Waddington,male,25.0,0,0,244361,13.0,S,0,0
275,345,0,2,Fox  Mr. Stanley Hubert,male,36.0,0,0,229236,13.0,S,0,0
276,346,1,2,"Brown  Miss. Amelia ""Mildred""",female,24.0,0,0,248733,13.0,S,0,0
277,347,1,2,Smith  Miss. Marion Elsie,female,40.0,0,0,31418,13.0,S,0,0
278,348,1,3,Davison  Mrs. Thomas Henry (Mary E Finck),female,26.674956349206354,1,0,386525,16.1,S,1,1
279,349,1,3,"Coutts  Master. William Loch ""William""",male,3.0,1,1,C.A. 37671,15.9,S,2,0
280,350,0,3,Dimic  Mr. Jovan,male,42.0,0,0,315088,8.6625004,S,0,0
281,351,0,3,Odahl  Mr. Nils Martin,male,23.0,0,0,7267,9.2250004,S,0,0
282,352,0,1,Williams-Lambert  Mr. Fletcher Fellows,male,60.90659523809524,0,0,113510,35.0,S,0,0
283,353,0,3,Elias  Mr. Tannous,male,15.0,1,1,2695,7.2291999,C,2,0
284,354,0,3,Arnold-Franchi  Mr. Josef,male,25.0,1,0,349237,17.799999,S,1,1
285,355,0,3,Yousif  Mr. Wazli,male,29.589628663003655,0,0,2647,7.2249999,C,0,0
286,356,0,3,Vanden Steen  Mr. Leo Peter,male,28.0,0,0,345783,9.5,S,0,0
287,357,1,1,Bowerman  Miss. Elsie Edith,female,22.0,0,1,113505,55.0,S,1,1
288,358,0,2,Funk  Miss. Annie Clemmer,female,38.0,0,0,237671,13.0,S,0,0
289,359,1,3,McGovern  Miss. Mary,female,21.492571839080462,0,0,330931,7.8792,Q,0,0
290,360,1,3,"Mockler  Miss. Helen Mary ""Ellie""",female,21.492571839080462,0,0,330980,7.8792,Q,0,0
291,361,0,3,Skoog  Mr. Wilhelm,male,40.0,1,4,347088,27.9,S,5,0
292,362,0,2,del Carlo  Mr. Sebastiano,male,29.0,1,0,SC/PARIS 2167,27.7208,C,1,1
293,363,0,3,Barbara  Mrs. (Catherine David),female,45.0,0,1,2691,14.4542,C,1,1
294,364,0,3,Asim  Mr. Adola,male,35.0,0,0,SOTON/O.Q. 3101310,7.0500002,S,0,0
295,365,0,3,O'Brien  Mr. Thomas,male,33.598,1,0,370365,15.5,Q,1,1
296,366,0,3,Adahl  Mr. Mauritz Nils Martin,male,30.0,0,0,C 7076,7.25,S,0,0
297,367,1,1,Warren  Mrs. Frank Manley (Anna Sophia Atkinson),female,60.0,1,0,110813,75.25,C,1,1
298,368,1,3,Moussa  Mrs. (Mantoura Boulos),female,22.59023977411476,0,0,2626,7.2291999,C,0,0
299,369,1,3,Jermyn  Miss. Annie,female,36.124156188110135,0,0,14313,7.75,Q,0,0
300,370,1,1,Aubart  Mme. Leontine Pauline,female,24.0,0,0,PC 17477,69.300003,C,0,0
301,371,1,1,Harder  Mr. George Achilles,male,25.0,1,0,11765,55.4417,C,1,1
302,372,0,3,Wiklund  Mr. Jakob Alfred,male,18.0,1,0,3101267,6.4958,S,1,1
303,373,0,3,Beavan  Mr. William Thomas,male,19.0,0,0,323951,8.0500002,S,0,0
304,374,0,1,Ringhini  Mr. Sante,male,22.0,0,0,PC 17760,135.6333,C,0,0
305,375,0,3,Palsson  Miss. Stina Viola,female,3.0,3,1,349909,21.075001,S,4,0
306,376,1,1,Meyer  Mrs. Edgar Joseph (Leila Saks),female,31.156666666666666,1,0,PC 17604,82.170799,C,1,1
307,377,1,3,Landergren  Miss. Aurora Adelia,female,22.0,0,0,C 7077,7.25,S,0,0
308,378,0,1,Widener  Mr. Harry Elkins,male,27.0,0,2,113503,211.5,C,2,0
309,379,0,3,Betros  Mr. Tannous,male,20.0,0,0,2648,4.0124998,C,0,0
310,380,0,3,Gustafsson  Mr. Karl Gideon,male,19.0,0,0,347069,7.7750001,S,0,0
311,381,1,1,Bidois  Miss. Rosalie,female,42.0,0,0,PC 17757,227.52499,C,0,0
312,382,1,3,"Nakid  Miss. Maria (""Mary"")",female,1.0,0,2,2653,15.7417,C,2,0
313,383,0,3,Tikkanen  Mr. Juho,male,32.0,0,0,STON/O 2. 3101293,7.9250002,S,0,0
314,384,1,1,Holverson  Mrs. Alexander Oskar (Mary Aline Towner),female,35.0,1,0,113789,52.0,S,1,1
315,385,0,3,Plotcharsky  Mr. Vasil,male,27.986140209531754,0,0,349227,7.8958001,S,0,0
316,386,0,2,Davies  Mr. Charles Henry,male,18.0,0,0,S.O.C. 14879,73.5,S,0,0
317,387,0,3,Goodwin  Master. Sidney Leonard,male,1.0,5,2,CA 2144,46.900002,S,7,0
318,388,1,2,Buss  Miss. Kate,female,36.0,0,0,27849,13.0,S,0,0
319,389,0,3,Sadlier  Mr. Matthew,male,20.02987171052631,0,0,367655,7.7291999,Q,0,0
320,390,1,2,Lehmann  Miss. Bertha,female,17.0,0,0,SC 1748,12.0,C,0,0
321,391,1,1,Carter  Mr. William Ernest,male,36.0,1,2,113760,120.0,S,3,0
322,392,1,3,Jansson  Mr. Carl Olof,male,21.0,0,0,350034,7.7958002,S,0,0
323,393,0,3,Gustafsson  Mr. Johan Birger,male,28.0,2,0,3101277,7.9250002,S,2,0
324,394,1,1,Newell  Miss. Marjorie,female,23.0,1,0,35273,113.275,C,1,1
325,395,1,3,Sandstrom  Mrs. Hjalmar (Agnes Charlotta Bengtsson),female,24.0,0,2,PP 9549,16.700001,S,2,0
326,396,0,3,Johansson  Mr. Erik,male,22.0,0,0,350052,7.7958002,S,0,0
327,397,0,3,Olsson  Miss. Elina,female,31.0,0,0,350407,7.8541999,S,0,0
328,398,0,2,McKane  Mr. Peter David,male,46.0,0,0,28403,26.0,S,0,0
329,399,0,2,Pain  Dr. Alfred,male,23.0,0,0,244278,10.5,S,0,0
330,400,1,2,Trout  Mrs. William H (Jessie L),female,28.0,0,0,240929,12.65,S,0,0
331,401,1,3,Niskanen  Mr. Juha,male,39.0,0,0,STON/O 2. 3101289,7.9250002,S,0,0
332,402,0,3,Adams  Mr. John,male,26.0,0,0,341826,8.0500002,S,0,0
333,403,0,3,Jussila  Miss. Mari Aina,female,21.0,1,0,4137,9.8249998,S,1,1
334,404,0,3,Hakkarainen  Mr. Pekka Pietari,male,28.0,1,0,STON/O2. 3101279,15.85,S,1,1
335,405,0,3,Oreskovic  Miss. Marija,female,20.0,0,0,315096,8.6625004,S,0,0
336,406,0,2,Gale  Mr. Shadrach,male,34.0,1,0,28664,21.0,S,1,1
337,407,0,3,Widegren  Mr. Carl/Charles Peter,male,51.0,0,0,347064,7.75,S,0,0
338,408,1,2,Richards  Master. William Rowe,male,3.0,1,1,29106,18.75,S,2,0
339,409,0,3,Birkeland  Mr. Hans Martin Monsen,male,21.0,0,0,312992,7.7750001,S,0,0
340,410,0,3,Lefebre  Miss. Ida,female,7.135675685425685,3,1,4133,25.4667,S,4,0
341,411,0,3,Sdycoff  Mr. Todor,male,27.986140209531754,0,0,349222,7.8958001,S,0,0
342,412,0,3,Hart  Mr. Henry,male,21.85780303030303,0,0,394140,6.8583002,Q,0,0
343,413,1,1,Minahan  Miss. Daisy E,female,33.0,1,0,19928,90.0,Q,1,1
344,414,0,2,Cunningham  Mr. Alfred Fleming,male,34.57483184987365,0,0,239853,0.0,S,0,0
345,415,1,3,Sundman  Mr. Johan Julian,male,44.0,0,0,STON/O 2. 3101269,7.9250002,S,0,0
346,416,0,3,Meek  Mrs. Thomas (Annie Louise Rowley),female,31.051514586770406,0,0,343095,8.0500002,S,0,0
347,417,1,2,Drew  Mrs. James Vivian (Lulu Thorne Christian),female,34.0,1,1,28220,32.5,S,2,0
348,418,1,2,Silven  Miss. Lyyli Karoliina,female,18.0,0,2,250652,13.0,S,2,0
349,419,0,2,Matthews  Mr. William John,male,30.0,0,0,28228,13.0,S,0,0
350,420,0,3,Van Impe  Miss. Catharina,female,10.0,0,2,345773,24.15,S,2,0
351,421,0,3,Gheorgheff  Mr. Stanio,male,27.986140209531754,0,0,349254,7.8958001,C,0,0
352,422,0,3,Charters  Mr. David,male,21.0,0,0,A/5. 13032,7.7333002,Q,0,0
353,423,0,3,Zimmerman  Mr. Leo,male,29.0,0,0,315082,7.875,S,0,0
354,424,0,3,Danbom  Mrs. Ernst Gilbert (Anna Sigrid Maria Brogren),female,28.0,1,1,347080,14.4,S,2,0
355,425,0,3,Rosblom  Mr. Viktor Richard,male,18.0,1,1,370129,20.2125,S,2,0
356,426,0,3,Wiseman  Mr. Phillippe,male,29.914239466673667,0,0,A/4. 34244,7.25,S,0,0
357,427,1,2,Clarke  Mrs. Charles V (Ada Maria Winfield),female,28.0,1,0,2003,26.0,S,1,1
358,428,1,2,"Phillips  Miss. Kate Florence (""Mrs Kate Louise Phillips Marshall"")",female,19.0,0,0,250655,26.0,S,0,0
359,429,0,3,Flynn  Mr. James,male,36.124156188110135,0,0,364851,7.75,Q,0,0
360,430,1,3,Pickard  Mr. Berk (Berk Trembisky),male,32.0,0,0,SOTON/O.Q. 392078,8.0500002,S,0,0
361,431,1,1,Bjornstrom-Steffansson  Mr. Mauritz Hakan,male,28.0,0,0,110564,26.549999,S,0,0
362,432,1,3,Thorneycroft  Mrs. Percival (Florence Kate White),female,26.674956349206354,1,0,376564,16.1,S,1,1
363,433,1,2,Louch  Mrs. Charles Alexander (Alice Adelaide Slow),female,42.0,1,0,SC/AH 3085,26.0,S,1,1
364,434,0,3,Kallio  Mr. Nikolai Erland,male,17.0,0,0,STON/O 2. 3101274,7.125,S,0,0
365,435,0,1,Silvey  Mr. William Baird,male,50.0,1,0,13507,55.900002,S,1,1
366,436,1,1,Carter  Miss. Lucile Polk,female,14.0,1,2,113760,120.0,S,3,0
367,437,0,3,"Ford  Miss. Doolina Margaret ""Daisy""",female,21.0,2,2,W./C. 6608,34.375,S,4,0
368,438,1,2,Richards  Mrs. Sidney (Emily Hocking),female,24.0,2,3,29106,18.75,S,5,0
369,439,0,1,Fortune  Mr. Mark,male,64.0,1,4,19950,263.0,S,5,0
370,440,0,2,Kvillner  Mr. Johan Henrik Johannesson,male,31.0,0,0,C.A. 18723,10.5,S,0,0
371,441,1,2,Hart  Mrs. Benjamin (Esther Ada Bloomfield),female,45.0,1,1,F.C.C. 13529,26.25,S,2,0
372,442,0,3,Hampe  Mr. Leon,male,20.0,0,0,345769,9.5,S,0,0
373,443,0,3,Petterson  Mr. Johan Emil,male,25.0,1,0,347076,7.7750001,S,1,1
374,444,1,2,Reynaldo  Ms. Encarnacion,female,28.0,0,0,230434,13.0,S,0,0
375,445,1,3,Johannesen-Bratthammer  Mr. Bernt,male,22.841701259793666,0,0,65306,8.1125002,S,0,0
376,446,1,1,Dodge  Master. Washington,male,4.0,0,2,33638,81.858299,S,2,0
377,447,1,2,Mellinger  Miss. Madeleine Violet,female,13.0,0,1,250644,19.5,S,1,1
378,448,1,1,Seward  Mr. Frederic Kimber,male,34.0,0,0,113794,26.549999,S,0,0
379,449,1,3,Baclini  Miss. Marie Catherine,female,5.0,2,1,2666,19.258301,C,3,0
380,450,1,1,Peuchen  Major. Arthur Godfrey,male,52.0,0,0,113786,30.5,S,0,0
381,451,0,2,West  Mr. Edwy Arthur,male,36.0,1,2,C.A. 34651,27.75,S,3,0
382,452,0,3,Hagland  Mr. Ingvald Olai Olsen,male,25.234166666666667,1,0,65303,19.9667,S,1,1
383,453,0,1,Foreman  Mr. Benjamin Laventall,male,30.0,0,0,113051,27.75,C,0,0
384,454,1,1,Goldenberg  Mr. Samuel L,male,49.0,1,0,17453,89.104202,C,1,1
385,455,0,3,Peduzzi  Mr. Joseph,male,31.051514586770406,0,0,A/5 2817,8.0500002,S,0,0
386,456,1,3,Jalsevac  Mr. Ivan,male,29.0,0,0,349240,7.8958001,C,0,0
387,457,0,1,Millet  Mr. Francis Davis,male,65.0,0,0,13509,26.549999,S,0,0
388,458,1,1,Kenyon  Mrs. Frederick R (Marion),female,44.1561626984127,1,0,17464,51.862499,S,1,1
389,459,1,2,Toomey  Miss. Ellen,female,50.0,0,0,F.C.C. 13531,10.5,S,0,0
390,460,0,3,O'Connor  Mr. Maurice,male,36.124156188110135,0,0,371060,7.75,Q,0,0
391,461,1,1,Anderson  Mr. Harry,male,48.0,0,0,19952,26.549999,S,0,0
392,462,0,3,Morley  Mr. William,male,34.0,0,0,364506,8.0500002,S,0,0
393,463,0,1,Gee  Mr. Arthur H,male,47.0,0,0,111320,38.5,S,0,0
394,464,0,2,Milling  Mr. Jacob Christian,male,48.0,0,0,234360,13.0,S,0,0
395,465,0,3,Maisner  Mr. Simon,male,31.051514586770406,0,0,A/S 2816,8.0500002,S,0,0
396,466,0,3,Goncalves  Mr. Manuel Estanslas,male,38.0,0,0,SOTON/O.Q. 3101306,7.0500002,S,0,0
397,467,0,2,Campbell  Mr. William,male,34.57483184987365,0,0,239853,0.0,S,0,0
398,468,0,1,Smart  Mr. John Montgomery,male,56.0,0,0,113792,26.549999,S,0,0
399,469,0,3,Scanlan  Mr. James,male,20.02987171052631,0,0,36209,7.7249999,Q,0,0
400,470,1,3,Baclini  Miss. Helene Barbara,female,0.75,2,1,2666,19.258301,C,3,0
401,471,0,3,Keefe  Mr. Arthur,male,29.914239466673667,0,0,323592,7.25,S,0,0
402,472,0,3,Cacic  Mr. Luka,male,38.0,0,0,315089,8.6625004,S,0,0
403,473,1,2,West  Mrs. Edwy Arthur (Ada Mary Worth),female,33.0,1,2,C.A. 34651,27.75,S,3,0
404,474,1,2,Jerwan  Mrs. Amin S (Marie Marthe Thuillard),female,23.0,0,0,SC/AH Basle 541,13.7917,C,0,0
405,475,0,3,Strandberg  Miss. Ida Sofia,female,22.0,0,0,7553,9.8374996,S,0,0
406,476,0,1,Clifford  Mr. George Quincy,male,43.83166666666666,0,0,110465,52.0,S,0,0
407,477,0,2,Renouf  Mr. Peter Henry,male,34.0,1,0,31027,21.0,S,1,1
408,478,0,3,Braund  Mr. Lewis Richard,male,29.0,1,0,3460,7.0458002,S,1,1
409,479,0,3,Karlsson  Mr. Nils August,male,22.0,0,0,350060,7.5208001,S,0,0
410,480,1,3,Hirvonen  Miss. Hildur E,female,2.0,0,1,3101298,12.2875,S,1,1
411,481,0,3,Goodwin  Master. Harold Victor,male,9.0,5,2,CA 2144,46.900002,S,7,0
412,482,0,2,"Frost  Mr. Anthony Wood ""Archie""",male,34.57483184987365,0,0,239854,0.0,S,0,0
413,483,0,3,Rouse  Mr. Richard Henry,male,50.0,0,0,A/5 3594,8.0500002,S,0,0
414,484,1,3,Turkula  Mrs. (Hedwig),female,63.0,0,0,4134,9.5874996,S,0,0
415,485,1,1,Bishop  Mr. Dickinson H,male,25.0,1,0,11967,91.079201,C,1,1
416,486,0,3,Lefebre  Miss. Jeannie,female,7.135675685425685,3,1,4133,25.4667,S,4,0
417,487,1,1,Hoyt  Mrs. Frederick Maxfield (Jane Anne Forby),female,35.0,1,0,19943,90.0,S,1,1
418,488,0,1,Kent  Mr. Edward Austin,male,58.0,0,0,11771,29.700001,C,0,0
419,489,0,3,Somerton  Mr. Francis William,male,30.0,0,0,A.5. 18509,8.0500002,S,0,0
420,490,1,3,"Coutts  Master. Eden Leslie ""Neville""",male,9.0,1,1,C.A. 37671,15.9,S,2,0
421,491,0,3,Hagland  Mr. Konrad Mathias Reiersen,male,25.234166666666667,1,0,65304,19.9667,S,1,1
422,492,0,3,Windelov  Mr. Einar,male,21.0,0,0,SOTON/OQ 3101317,7.25,S,0,0
423,493,0,1,Molson  Mr. Harry Markland,male,55.0,0,0,113787,30.5,S,0,0
424,494,0,1,Artagaveytia  Mr. Ramon,male,71.0,0,0,PC 17609,49.5042,C,0,0
425,495,0,3,Stanley  Mr. Edward Roland,male,21.0,0,0,A/4 45380,8.0500002,S,0,0
426,496,0,3,Yousseff  Mr. Gerious,male,18.249214285714285,0,0,2627,14.4583,C,0,0
427,497,1,1,Eustis  Miss. Elizabeth Mussey,female,54.0,1,0,36947,78.266701,C,1,1
428,498,0,3,Shellard  Mr. Frederick William,male,26.31375,0,0,C.A. 6212,15.1,S,0,0
429,499,0,1,Allison  Mrs. Hudson J C (Bessie Waldo Daniels),female,25.0,1,2,113781,151.55,S,3,0
430,500,0,3,Svensson  Mr. Olof,male,24.0,0,0,350035,7.7958002,S,0,0
431,501,0,3,Calic  Mr. Petar,male,17.0,0,0,315086,8.6625004,S,0,0
432,502,0,3,Canavan  Miss. Mary,female,21.0,0,0,364846,7.75,Q,0,0
433,503,0,3,O'Sullivan  Miss. Bridget Mary,female,26.08094047619047,0,0,330909,7.6292,Q,0,0
434,504,0,3,Laitinen  Miss. Kristina Sofia,female,37.0,0,0,4135,9.5874996,S,0,0
435,505,1,1,Maioni  Miss. Roberta,female,16.0,0,0,110152,86.5,S,0,0
436,506,0,1,Penasco y Castellana  Mr. Victor de Satode,male,18.0,1,0,PC 17758,108.9,C,1,1
437,507,1,2,Quick  Mrs. Frederick Charles (Jane Richards),female,33.0,0,2,26360,26.0,S,2,0
438,508,1,1,"Bradley  Mr. George (""George Arthur Brayton"")",male,49.94854045593209,0,0,111427,26.549999,S,0,0
439,509,0,3,Olsen  Mr. Henry Margido,male,28.0,0,0,C 4001,22.525,S,0,0
440,510,1,3,Lang  Mr. Fang,male,26.0,0,0,1601,56.4958,S,0,0
441,511,1,3,Daly  Mr. Eugene Patrick,male,29.0,0,0,382651,7.75,Q,0,0
442,512,0,3,Webber  Mr. James,male,31.051514586770406,0,0,SOTON/OQ 3101316,8.0500002,S,0,0
443,513,1,1,McGough  Mr. James Robert,male,36.0,0,0,PC 17473,26.2875,S,0,0
444,514,1,1,Rothschild  Mrs. Martin (Elizabeth L. Barrett),female,54.0,1,0,PC 17603,59.400002,C,1,1
445,515,0,3,Coleff  Mr. Satio,male,24.0,0,0,349209,7.4958,S,0,0
446,516,0,1,Walker  Mr. William Anderson,male,47.0,0,0,36967,34.020802,S,0,0
447,517,1,2,Lemore  Mrs. (Amelia Milley),female,34.0,0,0,C.A. 34260,10.5,S,0,0
448,518,0,3,Ryan  Mr. Patrick,male,32.473214285714285,0,0,371110,24.15,Q,0,0
449,519,1,2,"Angle  Mrs. William A (Florence ""Mary"" Agnes Hughes)",female,36.0,1,0,226875,26.0,S,1,1
450,520,0,3,Pavlovic  Mr. Stefo,male,32.0,0,0,349242,7.8958001,S,0,0
451,521,1,1,Perreault  Miss. Anne,female,30.0,0,0,12749,93.5,S,0,0
452,522,0,3,Vovk  Mr. Janko,male,22.0,0,0,349252,7.8958001,S,0,0
453,523,0,3,Lahoud  Mr. Sarkis,male,29.589628663003655,0,0,2624,7.2249999,C,0,0
454,524,1,1,Hippach  Mrs. Louis Albert (Ida Sophia Fischer),female,44.0,0,1,111361,57.979198,C,1,1
455,525,0,3,Kassem  Mr. Fared,male,22.59023977411476,0,0,2700,7.2291999,C,0,0
456,526,0,3,Farrell  Mr. James,male,40.5,0,0,367232,7.75,Q,0,0
457,527,1,2,Ridsdale  Miss. Lucy,female,50.0,0,0,W./C. 14258,10.5,S,0,0
458,528,0,1,Farthing  Mr. John,male,38.692,0,0,PC 17483,221.77921,S,0,0
459,529,0,3,Salonen  Mr. Johan Werner,male,39.0,0,0,3101296,7.9250002,S,0,0
460,530,0,2,Hocking  Mr. Richard George,male,23.0,2,1,29104,11.5,S,3,0
461,531,1,2,Quick  Miss. Phyllis May,female,2.0,1,1,26360,26.0,S,2,0
462,532,0,3,Toufik  Mr. Nakli,male,22.59023977411476,0,0,2641,7.2291999,C,0,0
463,533,0,3,Elias  Mr. Joseph Jr,male,17.0,1,1,2690,7.2291999,C,2,0
464,534,1,3,Peter  Mrs. Catherine (Catherine Rizk),female,6.8445,0,2,2668,22.358299,C,2,0
465,67,1,2,Nye  Mrs. (Elizabeth Ramell),female,29.0,0,0,C.A. 29395,10.5,S,0,0
466,68,0,3,Crease  Mr. Ernest James,male,19.0,0,0,S.P. 3464,8.1583004,S,0,0
467,69,1,3,Andersson  Miss. Erna Alexandra,female,17.0,4,2,3101281,7.9250002,S,6,0
468,70,0,3,Kink  Mr. Vincenz,male,26.0,2,0,315151,8.6625004,S,2,0
469,71,0,2,Jenkin  Mr. Stephen Curnow,male,32.0,0,0,C.A. 33111,10.5,S,0,0
470,72,0,3,Goodwin  Miss. Lillian Amy,female,16.0,5,2,CA 2144,46.900002,S,7,0
471,73,0,2,Hood  Mr. Ambrose Jr,male,21.0,0,0,S.O.C. 14879,73.5,S,0,0
472,74,0,3,Chronopoulos  Mr. Apostolos,male,26.0,1,0,2680,14.4542,C,1,1
473,75,1,3,Bing  Mr. Lee,male,32.0,0,0,1601,56.4958,S,0,0
474,76,0,3,Moen  Mr. Sigurd Hansen,male,25.0,0,0,348123,7.6500001,S,0,0
475,77,0,3,Staneff  Mr. Ivan,male,27.986140209531754,0,0,349208,7.8958001,S,0,0
476,78,0,3,Moutal  Mr. Rahamin Haim,male,31.051514586770406,0,0,374746,8.0500002,S,0,0
477,79,1,2,Caldwell  Master. Alden Gates,male,0.82999998,0,2,248738,29.0,S,2,0
478,80,1,3,Dowdell  Miss. Elizabeth,female,30.0,0,0,364516,12.475,S,0,0
479,81,0,3,Waelens  Mr. Achille,male,22.0,0,0,345767,9.0,S,0,0
480,82,1,3,Sheerlinck  Mr. Jan Baptist,male,29.0,0,0,345779,9.5,S,0,0
481,83,1,3,McDermott  Miss. Brigdet Delia,female,23.43721600621601,0,0,330932,7.7874999,Q,0,0
482,84,0,1,Carrau  Mr. Francisco M,male,28.0,0,0,113059,47.099998,S,0,0
483,85,1,2,Ilett  Miss. Bertha,female,17.0,0,0,SO/C 14885,10.5,S,0,0
484,86,1,3,Backstrom  Mrs. Karl Alfred (Maria Mathilda Gustafsson),female,33.0,3,0,3101278,15.85,S,3,0
485,87,0,3,Ford  Mr. William Neal,male,16.0,1,3,W./C. 6608,34.375,S,4,0
486,88,0,3,Slocovski  Mr. Selman Francis,male,31.051514586770406,0,0,SOTON/OQ 392086,8.0500002,S,0,0
487,89,1,1,Fortune  Miss. Mabel Helen,female,23.0,3,2,19950,263.0,S,5,0
488,90,0,3,Celotti  Mr. Francesco,male,24.0,0,0,343275,8.0500002,S,0,0
489,91,0,3,Christmann  Mr. Emil,male,29.0,0,0,343276,8.0500002,S,0,0
490,92,0,3,Andreasson  Mr. Paul Edvin,male,20.0,0,0,347466,7.8541999,S,0,0
491,93,0,1,Chaffee  Mr. Herbert Fuller,male,46.0,1,0,W.E.P. 5734,61.174999,S,1,1
492,94,0,3,Dean  Mr. Bertram Frank,male,26.0,1,2,C.A. 2315,20.575001,S,3,0
493,95,0,3,Coxon  Mr. Daniel,male,59.0,0,0,364500,7.25,S,0,0
494,96,0,3,Shorney  Mr. Charles Joseph,male,31.051514586770406,0,0,374910,8.0500002,S,0,0
495,97,0,1,Goldschmidt  Mr. George B,male,71.0,0,0,PC 17754,34.654202,C,0,0
496,98,1,1,Greenfield  Mr. William Bertram,male,23.0,0,1,PC 17759,63.358299,C,1,1
497,99,1,2,Doling  Mrs. John T (Ada Julia Bone),female,34.0,0,1,231919,23.0,S,1,1
498,100,0,2,Kantor  Mr. Sinai,male,34.0,1,0,244367,26.0,S,1,1
499,101,0,3,Petranec  Miss. Matilda,female,28.0,0,0,349245,7.8958001,S,0,0
500,102,0,3,"Petroff  Mr. Pastcho (""Pentcho"")",male,27.986140209531754,0,0,349215,7.8958001,S,0,0
501,103,0,1,White  Mr. Richard Frasar,male,21.0,0,1,35281,77.287498,S,1,1
502,104,0,3,Johansson  Mr. Gustaf Joel,male,33.0,0,0,7540,8.6541996,S,0,0
503,105,0,3,Gustafsson  Mr. Anders Vilhelm,male,37.0,2,0,3101276,7.9250002,S,2,0
504,106,0,3,Mionoff  Mr. Stoytcho,male,28.0,0,0,349207,7.8958001,S,0,0
505,107,1,3,Salkjelsvik  Miss. Anna Kristine,female,21.0,0,0,343120,7.6500001,S,0,0
506,108,1,3,Moss  Mr. Albert Johan,male,26.951700592707944,0,0,312991,7.7750001,S,0,0
507,109,0,3,Rekic  Mr. Tido,male,38.0,0,0,349249,7.8958001,S,0,0
508,110,1,3,Moran  Miss. Bertha,female,31.913666666666664,1,0,371110,24.15,Q,1,1
509,111,0,1,Porter  Mr. Walter Chamberlain,male,47.0,0,0,110465,52.0,S,0,0
510,112,0,3,Zabour  Miss. Hileni,female,14.5,1,0,2665,14.4542,C,1,1
511,113,0,3,Barton  Mr. David John,male,22.0,0,0,324669,8.0500002,S,0,0
512,114,0,3,Jussila  Miss. Katriina,female,20.0,1,0,4136,9.8249998,S,1,1
513,115,0,3,Attalah  Miss. Malake,female,17.0,0,0,2627,14.4583,C,0,0
514,116,0,3,Pekoniemi  Mr. Edvard,male,21.0,0,0,STON/O 2. 3101294,7.9250002,S,0,0
515,117,0,3,Connors  Mr. Patrick,male,70.5,0,0,370369,7.75,Q,0,0
516,118,0,2,Turpin  Mr. William John Robert,male,29.0,1,0,11668,21.0,S,1,1
517,119,0,1,Baxter  Mr. Quigg Edmond,male,24.0,0,1,PC 17558,247.5208,C,1,1
518,120,0,3,Andersson  Miss. Ellis Anna Maria,female,2.0,4,2,347082,31.275,S,6,0
519,121,0,2,Hickman  Mr. Stanley George,male,21.0,2,0,S.O.C. 14879,73.5,S,2,0
520,122,0,3,Moore  Mr. Leonard Charles,male,31.051514586770406,0,0,A4. 54510,8.0500002,S,0,0
521,123,0,2,Nasser  Mr. Nicholas,male,32.5,1,0,237736,30.070801,C,1,1
522,124,1,2,Webber  Miss. Susan,female,32.5,0,0,27267,13.0,S,0,0
523,125,0,1,White  Mr. Percival Wayland,male,54.0,0,1,35281,77.287498,S,1,1
524,126,1,3,Nicola-Yarred  Master. Elias,male,12.0,1,0,2651,11.2417,C,1,1
525,127,0,3,McMahon  Mr. Martin,male,36.124156188110135,0,0,370372,7.75,Q,0,0
526,128,1,3,Madsen  Mr. Fridtjof Arne,male,24.0,0,0,C 17369,7.1416998,S,0,0
527,129,1,3,Peter  Miss. Anna,female,26.2905,1,1,2668,22.358299,C,2,0
528,130,0,3,Ekstrom  Mr. Johan,male,45.0,0,0,347061,6.9749999,S,0,0
529,131,0,3,Drazenoic  Mr. Jozef,male,33.0,0,0,349241,7.8958001,C,0,0
530,132,0,3,Coelho  Mr. Domingos Fernandeo,male,20.0,0,0,SOTON/O.Q. 3101307,7.0500002,S,0,0
531,133,0,3,Robins  Mrs. Alexander A (Grace Charity Laury),female,47.0,1,0,A/5. 3337,14.5,S,1,1
532,134,1,2,Weisz  Mrs. Leopold (Mathilde Francoise Pede),female,29.0,1,0,228414,26.0,S,1,1
533,535,0,3,Cacic  Miss. Marija,female,30.0,0,0,315084,8.6625004,S,0,0
534,536,1,2,Hart  Miss. Eva Miriam,female,7.0,0,2,F.C.C. 13529,26.25,S,2,0
535,537,0,1,Butt  Major. Archibald Willingham,male,45.0,0,0,113050,26.549999,S,0,0
536,538,1,1,LeRoy  Miss. Bertha,female,30.0,0,0,PC 17761,106.425,C,0,0
537,539,0,3,Risien  Mr. Samuel Beard,male,24.1225,0,0,364498,14.5,S,0,0
538,540,1,1,Frolicher  Miss. Hedwig Margaritha,female,22.0,0,2,13568,49.5,C,2,0
539,541,1,1,Crosby  Miss. Harriet R,female,36.0,0,2,WE/P 5735,71.0,S,2,0
540,542,0,3,Andersson  Miss. Ingeborg Constanzia,female,9.0,4,2,347082,31.275,S,6,0
541,543,0,3,Andersson  Miss. Sigrid Elisabeth,female,11.0,4,2,347082,31.275,S,6,0
542,544,1,2,Beane  Mr. Edward,male,32.0,1,0,2908,26.0,S,1,1
543,545,0,1,Douglas  Mr. Walter Donald,male,50.0,1,0,PC 17761,106.425,C,1,1
544,546,0,1,Nicholson  Mr. Arthur Ernest,male,64.0,0,0,693,26.0,S,0,0
545,547,1,2,Beane  Mrs. Edward (Ethel Clarke),female,19.0,1,0,2908,26.0,S,1,1
546,548,1,2,Padro y Manent  Mr. Julian,male,33.285666666666664,0,0,SC/PARIS 2146,13.8625,C,0,0
547,549,0,3,Goldsmith  Mr. Frank John,male,33.0,1,1,363291,20.525,S,2,0
548,550,1,2,Davies  Master. John Morgan Jr,male,8.0,1,1,C.A. 33112,36.75,S,2,0
549,551,1,1,Thayer  Mr. John Borland Jr,male,17.0,0,2,17421,110.8833,C,2,0
550,552,0,2,Sharp  Mr. Percival James R,male,27.0,0,0,244358,26.0,S,0,0
551,553,0,3,O'Brien  Mr. Timothy,male,26.041017815517804,0,0,330979,7.8291998,Q,0,0
552,554,1,3,"Leeni  Mr. Fahim (""Philip Zenni"")",male,22.0,0,0,2620,7.2249999,C,0,0
553,555,1,3,Ohman  Miss. Velin,female,22.0,0,0,347085,7.7750001,S,0,0
554,556,0,1,Wright  Mr. George,male,62.0,0,0,113807,26.549999,S,0,0
555,557,1,1,"Duff Gordon  Lady. (Lucille Christiana Sutherland) (""Mrs Morgan"")",female,48.0,1,0,11755,39.599998,C,1,1
556,558,0,1,Robbins  Mr. Victor,male,38.692,0,0,PC 17757,227.52499,C,0,0
557,559,1,1,Taussig  Mrs. Emil (Tillie Mandelbaum),female,39.0,1,1,110413,79.650002,S,2,0
558,560,1,3,de Messemaeker  Mrs. Guillaume Joseph (Emma),female,36.0,1,0,345572,17.4,S,1,1
559,561,0,3,Morrow  Mr. Thomas Rowan,male,36.124156188110135,0,0,372622,7.75,Q,0,0
560,562,0,3,Sivic  Mr. Husein,male,40.0,0,0,349251,7.8958001,S,0,0
561,563,0,2,Norman  Mr. Robert Douglas,male,28.0,0,0,218629,13.5,S,0,0
562,564,0,3,Simmons  Mr. John,male,31.051514586770406,0,0,SOTON/OQ 392082,8.0500002,S,0,0
563,565,0,3,Meanwell  Miss. (Marion Ogden),female,31.051514586770406,0,0,SOTON/O.Q. 392087,8.0500002,S,0,0
564,566,0,3,Davies  Mr. Alfred J,male,24.0,2,0,A/4 48871,24.15,S,2,0
565,567,0,3,Stoytcheff  Mr. Ilia,male,19.0,0,0,349205,7.8958001,S,0,0
566,568,0,3,Palsson  Mrs. Nils (Alma Cornelia Berglund),female,29.0,0,4,349909,21.075001,S,4,0
567,569,0,3,Doharr  Mr. Tannous,male,22.59023977411476,0,0,2686,7.2291999,C,0,0
568,570,1,3,Jonsson  Mr. Carl,male,32.0,0,0,350417,7.8541999,S,0,0
569,571,1,2,Harris  Mr. George,male,62.0,0,0,S.W./PP 752,10.5,S,0,0
570,572,1,1,Appleton  Mrs. Edward Dale (Charlotte Lamson),female,53.0,2,0,11769,51.479198,S,2,0
571,573,1,1,"Flynn  Mr. John Irwin (""Irving"")",male,36.0,0,0,PC 17474,26.387501,S,0,0
572,574,1,3,Kelly  Miss. Mary,female,36.124156188110135,0,0,14312,7.75,Q,0,0
573,575,0,3,Rush  Mr. Alfred George John,male,16.0,0,0,A/4. 20589,8.0500002,S,0,0
574,576,0,3,Patchett  Mr. George,male,19.0,0,0,358585,14.5,S,0,0
575,577,1,2,Garside  Miss. Ethel,female,34.0,0,0,243880,13.0,S,0,0
576,578,1,1,Silvey  Mrs. William Baird (Alice Munger),female,39.0,1,0,13507,55.900002,S,1,1
577,579,0,3,Caram  Mrs. Joseph (Maria Elias),female,19.914642857142855,1,0,2689,14.4583,C,1,1
578,580,1,3,Jussila  Mr. Eiriik,male,32.0,0,0,STON/O 2. 3101286,7.9250002,S,0,0
579,581,1,2,Christy  Miss. Julie Rachel,female,25.0,1,1,237789,30.0,S,2,0
580,582,1,1,Thayer  Mrs. John Borland (Marian Longstreth Morris),female,39.0,1,1,17421,110.8833,C,2,0
581,583,0,2,Downton  Mr. William James,male,54.0,0,0,28403,26.0,S,0,0
582,584,0,1,Ross  Mr. John Hugo,male,36.0,0,0,13049,40.125,C,0,0
583,585,0,3,Paulner  Mr. Uscher,male,29.278459956709963,0,0,3411,8.7124996,C,0,0
584,586,1,1,Taussig  Miss. Ruth,female,18.0,0,2,110413,79.650002,S,2,0
585,587,0,2,Jarvis  Mr. John Denzil,male,47.0,0,0,237565,15.0,S,0,0
586,588,1,1,Frolicher-Stehli  Mr. Maxmillian,male,60.0,1,1,13567,79.199997,C,2,0
587,589,0,3,Gilinski  Mr. Eliezer,male,22.0,0,0,14973,8.0500002,S,0,0
588,590,0,3,Murdlin  Mr. Joseph,male,31.051514586770406,0,0,A./5. 3235,8.0500002,S,0,0
589,591,0,3,Rintamaki  Mr. Matti,male,35.0,0,0,STON/O 2. 3101273,7.125,S,0,0
590,592,1,1,Stephenson  Mrs. Walter Bertram (Martha Eustis),female,52.0,1,0,36947,78.266701,C,1,1
591,593,0,3,Elsbury  Mr. William James,male,47.0,0,0,A/5 3902,7.25,S,0,0
592,594,0,3,Bourke  Miss. Mary,female,25.32702192882456,0,2,364848,7.75,Q,2,0
593,595,0,2,Chapman  Mr. John Henry,male,37.0,1,0,SC/AH 29037,26.0,S,1,1
594,596,0,3,Van Impe  Mr. Jean Baptiste,male,36.0,1,1,345773,24.15,S,2,0
595,597,1,2,Leitch  Miss. Jessie Wills,female,24.25035774167353,0,0,248727,33.0,S,0,0
596,598,0,3,Johnson  Mr. Alfred,male,49.0,0,0,LINE,0.0,S,0,0
597,599,0,3,Boulos  Mr. Hanna,male,29.589628663003655,0,0,2664,7.2249999,C,0,0
598,600,1,1,"Duff Gordon  Sir. Cosmo Edmund (""Mr Morgan"")",male,49.0,1,0,PC 17485,56.929199,C,1,1
599,601,1,2,Jacobsohn  Mrs. Sidney Samuel (Amy Frances Christy),female,24.0,2,1,243847,27.0,S,3,0
600,602,0,3,Slabenoff  Mr. Petco,male,27.986140209531754,0,0,349214,7.8958001,S,0,0
601,603,0,1,Harrington  Mr. Charles H,male,36.40833333333333,0,0,113796,42.400002,S,0,0
602,604,0,3,Torber  Mr. Ernst William,male,44.0,0,0,364511,8.0500002,S,0,0
603,605,1,1,"Homer  Mr. Harry (""Mr E Haven"")",male,35.0,0,0,111426,26.549999,C,0,0
604,606,0,3,Lindell  Mr. Edvard Bengtsson,male,36.0,1,0,349910,15.55,S,1,1
605,607,0,3,Karaic  Mr. Milan,male,30.0,0,0,349246,7.8958001,S,0,0
606,608,1,1,Daniel  Mr. Robert Williams,male,27.0,0,0,113804,30.5,S,0,0
607,609,1,2,Laroche  Mrs. Joseph (Juliette Marie Louise Lafargue),female,22.0,1,2,SC/Paris 2123,41.579201,C,3,0
608,610,1,1,Shutes  Miss. Elizabeth W,female,40.0,0,0,PC 17582,153.46249,S,0,0
609,611,0,3,Andersson  Mrs. Anders Johan (Alfrida Konstantia Brogren),female,39.0,1,5,347082,31.275,S,6,0
610,612,0,3,Jardin  Mr. Jose Neto,male,27.88123135198134,0,0,SOTON/O.Q. 3101305,7.0500002,S,0,0
611,613,1,3,Murphy  Miss. Margaret Jane,female,33.598,1,0,367230,15.5,Q,1,1
612,614,0,3,Horgan  Mr. John,male,36.124156188110135,0,0,370377,7.75,Q,0,0
613,615,0,3,Brocklebank  Mr. William Alfred,male,35.0,0,0,364512,8.0500002,S,0,0
614,616,1,2,Herman  Miss. Alice,female,24.0,1,2,220845,65.0,S,3,0
615,617,0,3,Danbom  Mr. Ernst Gilbert,male,34.0,1,1,347080,14.4,S,2,0
616,618,0,3,Lobb  Mrs. William Arthur (Cordelia K Stanlick),female,26.0,1,0,A/5. 3336,16.1,S,1,1
617,619,1,2,Becker  Miss. Marion Louise,female,4.0,2,1,230136,39.0,S,3,0
618,620,0,2,Gavey  Mr. Lawrence,male,26.0,0,0,31028,10.5,S,0,0
619,621,0,3,Yasbeck  Mr. Antoni,male,27.0,1,0,2659,14.4542,C,1,1
620,622,1,1,Kimball  Mr. Edwin Nelson Jr,male,42.0,1,0,11753,52.554199,S,1,1
621,623,1,3,Nakid  Mr. Sahid,male,20.0,1,1,2653,15.7417,C,2,0
622,624,0,3,Hansen  Mr. Henry Damsgaard,male,21.0,0,0,350029,7.8541999,S,0,0
623,625,0,3,"Bowen  Mr. David John ""Dai""",male,21.0,0,0,54636,16.1,S,0,0
624,626,0,1,Sutton  Mr. Frederick,male,61.0,0,0,36963,32.320801,S,0,0
625,627,0,2,Kirkland  Rev. Charles Leonard,male,57.0,0,0,219533,12.35,Q,0,0
626,628,1,1,Longley  Miss. Gretchen Fiske,female,21.0,0,0,13502,77.958298,S,0,0
627,629,0,3,Bostandyeff  Mr. Guentcho,male,26.0,0,0,349224,7.8958001,S,0,0
628,630,0,3,O'Connell  Mr. Patrick D,male,20.02987171052631,0,0,334912,7.7333002,Q,0,0
629,631,1,1,Barkworth  Mr. Algernon Henry Wilson,male,80.0,0,0,27042,30.0,S,0,0
630,632,0,3,Lundahl  Mr. Johan Svensson,male,51.0,0,0,347743,7.0542002,S,0,0
631,633,1,1,Stahelin-Maeglin  Dr. Max,male,32.0,0,0,13214,30.5,C,0,0
632,634,0,1,Parr  Mr. William Henry Marsh,male,39.04046428571428,0,0,112052,0.0,S,0,0
633,635,0,3,Skoog  Miss. Mabel,female,9.0,3,2,347088,27.9,S,5,0
634,636,1,2,Davis  Miss. Mary,female,28.0,0,0,237668,13.0,S,0,0
635,637,0,3,Leinonen  Mr. Antti Gustaf,male,32.0,0,0,STON/O 2. 3101292,7.9250002,S,0,0
636,638,0,2,Collyer  Mr. Harvey,male,31.0,1,1,C.A. 31921,26.25,S,2,0
637,639,0,3,Panula  Mrs. Juha (Maria Emilia Ojala),female,41.0,0,5,3101295,39.6875,S,5,0
638,640,0,3,Thorneycroft  Mr. Percival,male,26.674956349206354,1,0,376564,16.1,S,1,1
639,641,0,3,Jensen  Mr. Hans Peder,male,20.0,0,0,350050,7.8541999,S,0,0
640,642,1,1,Sagesser  Mlle. Emma,female,24.0,0,0,PC 17477,69.300003,C,0,0
641,643,0,3,Skoog  Miss. Margit Elizabeth,female,2.0,3,2,347088,27.9,S,5,0
642,644,1,3,Foo  Mr. Choong,male,29.32895454545453,0,0,1601,56.4958,S,0,0
643,645,1,3,Baclini  Miss. Eugenie,female,0.75,2,1,2666,19.258301,C,3,0
644,646,1,1,Harper  Mr. Henry Sleeper,male,48.0,1,0,PC 17572,76.729202,C,1,1
645,647,0,3,Cor  Mr. Liudevit,male,19.0,0,0,349231,7.8958001,S,0,0
646,648,1,1,Simonius-Blumer  Col. Oberst Alfons,male,56.0,0,0,13213,35.5,C,0,0
647,649,0,3,Willey  Mr. Edward,male,33.43733333333333,0,0,S.O./P.P. 751,7.5500002,S,0,0
648,650,1,3,Stanley  Miss. Amy Zillah Elsie,female,23.0,0,0,CA. 2314,7.5500002,S,0,0
649,651,0,3,Mitkoff  Mr. Mito,male,27.986140209531754,0,0,349221,7.8958001,S,0,0
650,652,1,2,Doling  Miss. Elsie,female,18.0,0,1,231919,23.0,S,1,1
651,653,0,3,Kalvik  Mr. Johannes Halvorsen,male,21.0,0,0,8475,8.4333,S,0,0
652,654,1,3,"O'Leary  Miss. Hanora ""Norah""",female,26.041017815517804,0,0,330919,7.8291998,Q,0,0
653,655,0,3,"Hegarty  Miss. Hanora ""Nora""",female,18.0,0,0,365226,6.75,Q,0,0
654,656,0,2,Hickman  Mr. Leonard Mark,male,24.0,2,0,S.O.C. 14879,73.5,S,2,0
655,657,0,3,Radeff  Mr. Alexander,male,27.986140209531754,0,0,349223,7.8958001,S,0,0
656,658,0,3,Bourke  Mrs. John (Catherine),female,32.0,1,1,364849,15.5,Q,2,0
657,659,0,2,Eitemiller  Mr. George Floyd,male,23.0,0,0,29751,13.0,S,0,0
658,660,0,1,Newell  Mr. Arthur Webster,male,58.0,0,2,35273,113.275,C,2,0
659,661,1,1,Frauenthal  Dr. Henry William,male,50.0,2,0,PC 17611,133.64999,S,2,0
660,662,0,3,Badt  Mr. Mohamed,male,40.0,0,0,2623,7.2249999,C,0,0
661,663,0,1,Colley  Mr. Edward Pomeroy,male,47.0,0,0,5727,25.5875,S,0,0
662,664,0,3,Coleff  Mr. Peju,male,36.0,0,0,349210,7.4958,S,0,0
663,665,1,3,Lindqvist  Mr. Eino William,male,20.0,1,0,STON/O 2. 3101285,7.9250002,S,1,1
664,666,0,2,Hickman  Mr. Lewis,male,32.0,2,0,S.O.C. 14879,73.5,S,2,0
665,667,0,2,Butler  Mr. Reginald Fenton,male,25.0,0,0,234686,13.0,S,0,0
666,668,0,3,Rommetvedt  Mr. Knud Paust,male,26.951700592707944,0,0,312993,7.7750001,S,0,0
667,669,0,3,Cook  Mr. Jacob,male,43.0,0,0,A/5 3536,8.0500002,S,0,0
668,670,1,1,Taylor  Mrs. Elmer Zebley (Juliet Cummins Wright),female,38.924793650793646,1,0,19996,52.0,S,1,1
669,671,1,2,Brown  Mrs. Thomas William Solomon (Elizabeth Catherine Ford),female,40.0,1,1,29750,39.0,S,2,0
670,672,0,1,Davidson  Mr. Thornton,male,31.0,1,0,F.C. 12750,52.0,S,1,1
671,673,0,2,Mitchell  Mr. Henry Michael,male,70.0,0,0,C.A. 24580,10.5,S,0,0
672,674,1,2,Wilhelms  Mr. Charles,male,31.0,0,0,244270,13.0,S,0,0
673,675,0,2,Watson  Mr. Ennis Hastings,male,34.57483184987365,0,0,239856,0.0,S,0,0
674,676,0,3,Edvardsson  Mr. Gustaf Hjalmar,male,18.0,0,0,349912,7.7750001,S,0,0
675,677,0,3,Sawyer  Mr. Frederick Charles,male,24.5,0,0,342826,8.0500002,S,0,0
676,678,1,3,Turja  Miss. Anna Sofia,female,18.0,0,0,4138,9.8416996,S,0,0
677,679,0,3,Goodwin  Mrs. Frederick (Augusta Tyler),female,43.0,1,6,CA 2144,46.900002,S,7,0
678,680,1,1,Cardeza  Mr. Thomas Drake Martinez,male,36.0,0,1,PC 17755,512.32922,C,1,1
679,681,0,3,Peters  Miss. Katie,female,22.841701259793666,0,0,330935,8.1374998,Q,0,0
680,682,1,1,Hassab  Mr. Hammad,male,27.0,0,0,PC 17572,76.729202,C,0,0
681,683,0,3,Olsvigen  Mr. Thor Anderson,male,20.0,0,0,6563,9.2250004,S,0,0
682,684,0,3,Goodwin  Mr. Charles Edward,male,14.0,5,2,CA 2144,46.900002,S,7,0
683,685,0,2,Brown  Mr. Thomas William Solomon,male,60.0,1,1,29750,39.0,S,2,0
684,686,0,2,Laroche  Mr. Joseph Philippe Lemercier,male,25.0,1,2,SC/Paris 2123,41.579201,C,3,0
685,687,0,3,Panula  Mr. Jaako Arnold,male,14.0,4,1,3101295,39.6875,S,5,0
686,688,0,3,Dakic  Mr. Branko,male,19.0,0,0,349228,10.1708,S,0,0
687,689,0,3,Fischer  Mr. Eberhard Thelander,male,18.0,0,0,350036,7.7958002,S,0,0
688,690,1,1,Madill  Miss. Georgette Alexandra,female,15.0,0,1,24160,211.33749,S,1,1
689,691,1,1,Dick  Mr. Albert Adrian,male,31.0,1,0,17474,57.0,S,1,1
690,692,1,3,Karun  Miss. Manca,female,4.0,0,1,349256,13.4167,C,1,1
691,693,1,3,Lam  Mr. Ali,male,29.32895454545453,0,0,1601,56.4958,S,0,0
692,694,0,3,Saad  Mr. Khalil,male,25.0,0,0,2672,7.2249999,C,0,0
693,695,0,1,Weir  Col. John,male,60.0,0,0,113800,26.549999,S,0,0
694,696,0,2,Chapman  Mr. Charles Henry,male,52.0,0,0,248731,13.5,S,0,0
695,697,0,3,Kelly  Mr. James,male,44.0,0,0,363592,8.0500002,S,0,0
696,698,1,3,"Mullens  Miss. Katherine ""Katie""",female,20.02987171052631,0,0,35852,7.7333002,Q,0,0
697,699,0,1,Thayer  Mr. John Borland,male,49.0,1,1,17421,110.8833,C,2,0
698,700,0,3,Humblen  Mr. Adolf Mathias Nicolai Olsen,male,42.0,0,0,348121,7.6500001,S,0,0
699,701,1,1,Astor  Mrs. John Jacob (Madeleine Talmadge Force),female,18.0,1,0,PC 17757,227.52499,C,1,1
700,702,1,1,Silverthorne  Mr. Spencer Victor,male,35.0,0,0,PC 17475,26.2875,S,0,0
701,703,0,3,Barbara  Miss. Saiide,female,18.0,0,1,2691,14.4542,C,1,1
702,704,0,3,Gallagher  Mr. Martin,male,25.0,0,0,36864,7.7417002,Q,0,0
703,705,0,3,Hansen  Mr. Henrik Juul,male,26.0,1,0,350025,7.8541999,S,1,1
704,706,0,2,"Morley  Mr. Henry Samuel (""Mr Henry Marshall"")",male,39.0,0,0,250655,26.0,S,0,0
705,707,1,2,"Kelly  Mrs. Florence ""Fannie""",female,45.0,0,0,223596,13.5,S,0,0
706,708,1,1,Calderhead  Mr. Edward Pennington,male,42.0,0,0,PC 17476,26.2875,S,0,0
707,709,1,1,Cleaver  Miss. Alice,female,22.0,0,0,113781,151.55,S,0,0
708,710,1,3,"Moubarek  Master. Halim Gonios (""William George"")",male,17.672000000000004,1,1,2661,15.2458,C,2,0
709,711,1,1,"Mayne  Mlle. Berthe Antonine (""Mrs de Villiers"")",female,24.0,0,0,PC 17482,49.5042,C,0,0
710,712,0,1,Klaber  Mr. Herman,male,49.94854045593209,0,0,113028,26.549999,S,0,0
711,713,1,1,Taylor  Mr. Elmer Zebley,male,48.0,1,0,19996,52.0,S,1,1
712,714,0,3,Larsson  Mr. August Viktor,male,29.0,0,0,7545,9.4833002,S,0,0
713,715,0,2,Greenberg  Mr. Samuel,male,52.0,0,0,250647,13.0,S,0,0
714,716,0,3,Soholt  Mr. Peter Andreas Lauritz Andersen,male,19.0,0,0,348124,7.6500001,S,0,0
715,717,1,1,Endres  Miss. Caroline Louise,female,38.0,0,0,PC 17757,227.52499,C,0,0
716,718,1,2,"Troutt  Miss. Edwina Celia ""Winnie""",female,27.0,0,0,34218,10.5,S,0,0
717,719,0,3,McEvoy  Mr. Michael,male,27.24625,0,0,36568,15.5,Q,0,0
718,720,0,3,Johnson  Mr. Malkolm Joackim,male,33.0,0,0,347062,7.7750001,S,0,0
719,721,1,2,"Harper  Miss. Annie Jessie ""Nina""",female,6.0,0,1,248727,33.0,S,1,1
720,722,0,3,Jensen  Mr. Svend Lauritz,male,17.0,1,0,350048,7.0542002,S,1,1
721,723,0,2,Gillespie  Mr. William Henry,male,34.0,0,0,12233,13.0,S,0,0
722,724,0,2,Hodges  Mr. Henry Price,male,50.0,0,0,250643,13.0,S,0,0
723,725,1,1,Chambers  Mr. Norman Campbell,male,27.0,1,0,113806,53.099998,S,1,1
724,726,0,3,Oreskovic  Mr. Luka,male,20.0,0,0,315094,8.6625004,S,0,0
725,727,1,2,Renouf  Mrs. Peter Henry (Lillian Jefferys),female,30.0,3,0,31027,21.0,S,3,0
726,728,1,3,Mannion  Miss. Margareth,female,20.02987171052631,0,0,36866,7.7375002,Q,0,0
727,729,0,2,Bryhl  Mr. Kurt Arnold Gottfrid,male,25.0,1,0,236853,26.0,S,1,1
728,730,0,3,Ilmakangas  Miss. Pieta Sofia,female,25.0,1,0,STON/O2. 3101271,7.9250002,S,1,1
729,731,1,1,Allen  Miss. Elisabeth Walton,female,29.0,0,0,24160,211.33749,S,0,0
730,732,0,3,Hassan  Mr. Houssein G N,male,11.0,0,0,2699,18.7875,C,0,0
731,733,0,2,Knight  Mr. Robert J,male,34.57483184987365,0,0,239855,0.0,S,0,0
732,734,0,2,Berriman  Mr. William John,male,23.0,0,0,28425,13.0,S,0,0
733,735,0,2,Troupiansky  Mr. Moses Aaron,male,23.0,0,0,233639,13.0,S,0,0
734,736,0,3,Williams  Mr. Leslie,male,28.5,0,0,54636,16.1,S,0,0
735,737,0,3,Ford  Mrs. Edward (Margaret Ann Watson),female,48.0,1,3,W./C. 6608,34.375,S,4,0
736,738,1,1,Lesurer  Mr. Gustave J,male,35.0,0,0,PC 17755,512.32922,C,0,0
737,739,0,3,Ivanoff  Mr. Kanio,male,27.986140209531754,0,0,349201,7.8958001,S,0,0
738,740,0,3,Nankoff  Mr. Minko,male,27.986140209531754,0,0,349218,7.8958001,S,0,0
739,741,1,1,Hawksford  Mr. Walter James,male,36.45208333333332,0,0,16988,30.0,S,0,0
740,742,0,1,Cavendish  Mr. Tyrell William,male,36.0,1,0,19877,78.849998,S,1,1
741,743,1,1,"Ryerson  Miss. Susan Parker ""Suzette""",female,21.0,2,2,PC 17608,262.375,C,4,0
742,744,0,3,McNamee  Mr. Neal,male,24.0,1,0,376566,16.1,S,1,1
743,745,1,3,Stranden  Mr. Juho,male,31.0,0,0,STON/O 2. 3101288,7.9250002,S,0,0
744,746,0,1,Crosby  Capt. Edward Gifford,male,70.0,1,1,WE/P 5735,71.0,S,2,0
745,747,0,3,Abbott  Mr. Rossmore Edward,male,16.0,1,1,C.A. 2673,20.25,S,2,0
746,748,1,2,Sinkkonen  Miss. Anna,female,30.0,0,0,250648,13.0,S,0,0
747,749,0,1,Marvin  Mr. Daniel Warner,male,19.0,1,0,113773,53.099998,S,1,1
748,750,0,3,Connaghton  Mr. Michael,male,31.0,0,0,335097,7.75,Q,0,0
749,751,1,2,Wells  Miss. Joan,female,4.0,1,1,29103,23.0,S,2,0
750,752,1,3,Moor  Master. Meier,male,6.0,0,1,392096,12.475,S,1,1
751,753,0,3,Vande Velde  Mr. Johannes Joseph,male,33.0,0,0,345780,9.5,S,0,0
752,754,0,3,Jonkoff  Mr. Lalio,male,23.0,0,0,349204,7.8958001,S,0,0
753,755,1,2,Herman  Mrs. Samuel (Jane Laver),female,48.0,1,2,220845,65.0,S,3,0
754,756,1,2,Hamalainen  Master. Viljo,male,0.67000002,1,1,250649,14.5,S,2,0
755,757,0,3,Carlsson  Mr. August Sigfrid,male,28.0,0,0,350042,7.7958002,S,0,0
756,758,0,2,Bailey  Mr. Percy Andrew,male,18.0,0,0,29108,11.5,S,0,0
757,759,0,3,Theobald  Mr. Thomas Leonard,male,34.0,0,0,363294,8.0500002,S,0,0
758,760,1,1,Rothes  the Countess. of (Lucy Noel Martha Dyer-Edwards),female,33.0,0,0,110152,86.5,S,0,0
759,761,0,3,Garfirth  Mr. John,male,24.1225,0,0,358585,14.5,S,0,0
760,762,0,3,Nirva  Mr. Iisakki Antino Aijo,male,41.0,0,0,SOTON/O2 3101272,7.125,S,0,0
761,763,1,3,Barah  Mr. Hanna Assi,male,20.0,0,0,2663,7.2291999,C,0,0
762,764,1,1,Carter  Mrs. William Ernest (Lucile Polk),female,36.0,1,2,113760,120.0,S,3,0
763,765,0,3,Eklund  Mr. Hans Linus,male,16.0,0,0,347074,7.7750001,S,0,0
764,766,1,1,Hogeboom  Mrs. John C (Anna Andrews),female,51.0,1,0,13502,77.958298,S,1,1
765,767,0,1,Brewe  Dr. Arthur Jackson,male,37.95166666666667,0,0,112379,39.599998,C,0,0
766,768,0,3,Mangan  Miss. Mary,female,30.5,0,0,364850,7.75,Q,0,0
767,769,0,3,Moran  Mr. Daniel J,male,31.913666666666664,1,0,371110,24.15,Q,1,1
768,770,0,3,Gronnestad  Mr. Daniel Danielsen,male,32.0,0,0,8471,8.3625002,S,0,0
769,771,0,3,Lievens  Mr. Rene Aime,male,24.0,0,0,345781,9.5,S,0,0
770,772,0,3,Jensen  Mr. Niels Peder,male,48.0,0,0,350047,7.8541999,S,0,0
771,773,0,2,Mack  Mrs. (Mary),female,57.0,0,0,S.O./P.P. 3,10.5,S,0,0
772,774,0,3,Elias  Mr. Dibo,male,29.589628663003655,0,0,2674,7.2249999,C,0,0
773,775,1,2,Hocking  Mrs. Elizabeth (Eliza Needs),female,54.0,1,3,29105,23.0,S,4,0
774,776,0,3,Myhrman  Mr. Pehr Fabian Oliver Malkolm,male,18.0,0,0,347078,7.75,S,0,0
775,777,0,3,Tobin  Mr. Roger,male,36.124156188110135,0,0,383121,7.75,Q,0,0
776,778,1,3,Emanuel  Miss. Virginia Ethel,female,5.0,0,0,364516,12.475,S,0,0
777,779,0,3,Kilgannon  Mr. Thomas J,male,20.02987171052631,0,0,36865,7.7375002,Q,0,0
778,780,1,1,Robert  Mrs. Edward Scott (Elisabeth Walton McMillan),female,43.0,0,1,24160,211.33749,S,1,1
779,781,1,3,Ayoub  Miss. Banoura,female,13.0,0,0,2687,7.2291999,C,0,0
780,782,1,1,Dick  Mrs. Albert Adrian (Vera Gillespie),female,17.0,1,0,17474,57.0,S,1,1
781,783,0,1,Long  Mr. Milton Clyde,male,29.0,0,0,113501,30.0,S,0,0
782,784,0,3,Johnston  Mr. Andrew G,male,14.95633333333333,1,2,W./C. 6607,23.450001,S,3,0
783,785,0,3,Ali  Mr. William,male,25.0,0,0,SOTON/O.Q. 3101312,7.0500002,S,0,0
784,786,0,3,Harmer  Mr. Abraham (David Lishin),male,25.0,0,0,374887,7.25,S,0,0
785,787,1,3,Sjoblom  Miss. Anna Sofia,female,18.0,0,0,3101265,7.4958,S,0,0
786,788,0,3,Rice  Master. George Hugh,male,8.0,4,1,382652,29.125,Q,5,0
787,789,1,3,Dean  Master. Bertram Vere,male,1.0,1,2,C.A. 2315,20.575001,S,3,0
788,790,0,1,Guggenheim  Mr. Benjamin,male,46.0,0,0,PC 17593,79.199997,C,0,0
789,791,0,3,"Keane  Mr. Andrew ""Andy""",male,36.124156188110135,0,0,12460,7.75,Q,0,0
790,792,0,2,Gaskell  Mr. Alfred,male,16.0,0,0,239865,26.0,S,0,0
791,793,0,3,Sage  Miss. Stella Anna,female,12.0250386002886,8,2,CA. 2343,69.550003,S,10,0
792,794,0,1,Hoyt  Mr. William Fisher,male,50.57052380952381,0,0,PC 17600,30.695801,C,0,0
793,795,0,3,Dantcheff  Mr. Ristiu,male,25.0,0,0,349203,7.8958001,S,0,0
794,796,0,2,Otter  Mr. Richard,male,39.0,0,0,28213,13.0,S,0,0
795,797,1,1,Leader  Dr. Alice (Farnham),female,49.0,0,0,17465,25.929199,S,0,0
796,798,1,3,Osman  Mrs. Mara,female,31.0,0,0,349244,8.6833,S,0,0
797,799,0,3,Ibrahim Shawah  Mr. Yousseff,male,30.0,0,0,2685,7.2291999,C,0,0
798,800,0,3,Van Impe  Mrs. Jean Baptiste (Rosalie Paula Govaert),female,30.0,1,1,345773,24.15,S,2,0
799,801,0,2,Ponesell  Mr. Martin,male,34.0,0,0,250647,13.0,S,0,0
800,802,1,2,Collyer  Mrs. Harvey (Charlotte Annie Tate),female,31.0,1,1,C.A. 31921,26.25,S,2,0
801,803,1,1,Carter  Master. William Thornton II,male,11.0,1,2,113760,120.0,S,3,0
802,804,1,3,Thomas  Master. Assad Alexander,male,0.41999999,0,1,2625,8.5166998,C,1,1
803,805,1,3,Hedman  Mr. Oskar Arvid,male,27.0,0,0,347089,6.9749999,S,0,0
804,806,0,3,Johansson  Mr. Karl Johan,male,31.0,0,0,347063,7.7750001,S,0,0
805,807,0,1,Andrews  Mr. Thomas Jr,male,39.0,0,0,112050,0.0,S,0,0
806,808,0,3,Pettersson  Miss. Ellen Natalia,female,18.0,0,0,347087,7.7750001,S,0,0
807,809,0,2,Meyer  Mr. August,male,39.0,0,0,248723,13.0,S,0,0
808,810,1,1,Chambers  Mrs. Norman Campbell (Bertha Griggs),female,33.0,1,0,113806,53.099998,S,1,1
809,811,0,3,Alexander  Mr. William,male,26.0,0,0,3474,7.8874998,S,0,0
810,812,0,3,Lester  Mr. James,male,39.0,0,0,A/4 48871,24.15,S,0,0
811,813,0,2,Slemen  Mr. Richard James,male,35.0,0,0,28206,10.5,S,0,0
812,814,0,3,Andersson  Miss. Ebba Iris Alfrida,female,6.0,4,2,347082,31.275,S,6,0
813,815,0,3,Tomlin  Mr. Ernest Portage,male,30.5,0,0,364499,8.0500002,S,0,0
814,816,0,1,Fry  Mr. Richard,male,39.04046428571428,0,0,112058,0.0,S,0,0
815,817,0,3,Heininen  Miss. Wendla Maria,female,23.0,0,0,STON/O2. 3101290,7.9250002,S,0,0
816,818,0,2,Mallet  Mr. Albert,male,31.0,1,1,S.C./PARIS 2079,37.0042,C,2,0
817,819,0,3,Holm  Mr. John Fredrik Alexander,male,43.0,0,0,C 7075,6.4499998,S,0,0
818,820,0,3,Skoog  Master. Karl Thorsten,male,10.0,3,2,347088,27.9,S,5,0
819,821,1,1,Hays  Mrs. Charles Melville (Clara Jennings Gregg),female,52.0,1,1,12749,93.5,S,2,0
820,822,1,3,Lulic  Mr. Nikola,male,27.0,0,0,315098,8.6625004,S,0,0
821,823,0,1,Reuchlin  Jonkheer. John George,male,38.0,0,0,19972,0.0,S,0,0
822,824,1,3,Moor  Mrs. (Beila),female,27.0,0,1,392096,12.475,S,1,1
823,825,0,3,Panula  Master. Urho Abraham,male,2.0,4,1,3101295,39.6875,S,5,0
824,826,0,3,Flynn  Mr. John,male,34.5552196969697,0,0,368323,6.9499998,Q,0,0
825,827,0,3,Lam  Mr. Len,male,29.32895454545453,0,0,1601,56.4958,S,0,0
826,828,1,2,Mallet  Master. Andre,male,1.0,0,2,S.C./PARIS 2079,37.0042,C,2,0
827,829,1,3,McCormack  Mr. Thomas Joseph,male,36.124156188110135,0,0,367228,7.75,Q,0,0
828,831,1,3,Yasbeck  Mrs. Antoni (Selini Alexander),female,15.0,1,0,2659,14.4542,C,1,1
829,832,1,2,Richards  Master. George Sibley,male,0.82999998,1,1,29106,18.75,S,2,0
830,833,0,3,Saad  Mr. Amin,male,22.59023977411476,0,0,2671,7.2291999,C,0,0
831,834,0,3,Augustsson  Mr. Albert,male,23.0,0,0,347468,7.8541999,S,0,0
832,835,0,3,Allum  Mr. Owen George,male,18.0,0,0,2223,8.3000002,S,0,0
833,836,1,1,Compton  Miss. Sara Rebecca,female,39.0,1,1,PC 17756,83.158302,C,2,0
834,837,0,3,Pasic  Mr. Jakob,male,21.0,0,0,315097,8.6625004,S,0,0
835,838,0,3,Sirota  Mr. Maurice,male,31.051514586770406,0,0,392092,8.0500002,S,0,0
836,839,1,3,Chip  Mr. Chang,male,32.0,0,0,1601,56.4958,S,0,0
837,840,1,1,Marechal  Mr. Pierre,male,50.602500000000006,0,0,11774,29.700001,C,0,0
838,841,0,3,Alhomaki  Mr. Ilmari Rudolf,male,20.0,0,0,SOTON/O2 3101287,7.9250002,S,0,0
839,842,0,2,Mudd  Mr. Thomas Charles,male,16.0,0,0,S.O./P.P. 3,10.5,S,0,0
840,843,1,1,Serepeca  Miss. Augusta,female,30.0,0,0,113798,31.0,C,0,0
841,844,0,3,Lemberopolous  Mr. Peter L,male,34.5,0,0,2683,6.4375,C,0,0
842,845,0,3,Culumovic  Mr. Jeso,male,17.0,0,0,315090,8.6625004,S,0,0
843,846,0,3,Abbing  Mr. Anthony,male,42.0,0,0,C.A. 5547,7.5500002,S,0,0
844,847,0,3,Sage  Mr. Douglas Bullen,male,12.0250386002886,8,2,CA. 2343,69.550003,S,10,0
845,848,0,3,Markoff  Mr. Marin,male,35.0,0,0,349213,7.8958001,C,0,0
846,849,0,2,Harper  Rev. John,male,28.0,0,1,248727,33.0,S,1,1
847,850,1,1,Goldenberg  Mrs. Samuel L (Edwiga Grabowska),female,43.99916666666666,1,0,17453,89.104202,C,1,1
848,851,0,3,Andersson  Master. Sigvard Harald Elias,male,4.0,4,2,347082,31.275,S,6,0
849,852,0,3,Svensson  Mr. Johan,male,74.0,0,0,347060,7.7750001,S,0,0
850,853,0,3,Boulos  Miss. Nourelain,female,9.0,1,1,2678,15.2458,C,2,0
851,854,1,1,Lines  Miss. Mary Conover,female,16.0,0,1,PC 17592,39.400002,S,1,1
852,855,0,2,Carter  Mrs. Ernest Courtenay (Lilian Hughes),female,44.0,1,0,244252,26.0,S,1,1
853,856,1,3,Aks  Mrs. Sam (Leah Rosen),female,18.0,0,1,392091,9.3500004,S,1,1
854,857,1,1,Wick  Mrs. George Dennick (Mary Hitchcock),female,45.0,1,1,36928,164.8667,S,2,0
855,858,1,1,Daly  Mr. Peter Denis ,male,51.0,0,0,113055,26.549999,S,0,0
856,859,1,3,Baclini  Mrs. Solomon (Latifa Qurban),female,24.0,0,3,2666,19.258301,C,3,0
857,860,0,3,Razi  Mr. Raihed,male,22.59023977411476,0,0,2629,7.2291999,C,0,0
858,861,0,3,Hansen  Mr. Claus Peter,male,41.0,2,0,350026,14.1083,S,2,0
859,862,0,2,Giles  Mr. Frederick Edward,male,21.0,1,0,28134,11.5,S,1,1
860,863,1,1,Swift  Mrs. Frederick Joel (Margaret Welles Barron),female,48.0,0,0,17466,25.929199,S,0,0
861,864,0,3,"Sage  Miss. Dorothy Edith ""Dolly""",female,12.0250386002886,8,2,CA. 2343,69.550003,S,10,0
862,865,0,2,Gill  Mr. John William,male,24.0,0,0,233866,13.0,S,0,0
863,866,1,2,Bystrom  Mrs. (Karolina),female,42.0,0,0,236852,13.0,S,0,0
864,867,1,2,Duran y More  Miss. Asuncion,female,27.0,1,0,SC/PARIS 2149,13.8583,C,1,1
865,868,0,1,Roebling  Mr. Washington Augustus II,male,31.0,0,0,PC 17590,50.4958,S,0,0
866,869,0,3,van Melkebeke  Mr. Philemon,male,26.176032634032627,0,0,345777,9.5,S,0,0
867,870,1,3,Johnson  Master. Harold Theodor,male,4.0,1,1,347742,11.1333,S,2,0
868,871,0,3,Balkic  Mr. Cerin,male,26.0,0,0,349248,7.8958001,S,0,0
869,872,1,1,Beckwith  Mrs. Richard Leonard (Sallie Monypeny),female,47.0,1,1,11751,52.554199,S,2,0
870,873,0,1,Carlsson  Mr. Frans Olof,male,33.0,0,0,695,5.0,S,0,0
871,874,0,3,Vander Cruyssen  Mr. Victor,male,47.0,0,0,345765,9.0,S,0,0
872,875,1,2,Abelson  Mrs. Samuel (Hannah Wizosky),female,28.0,1,0,P/PP 3381,24.0,C,1,1
873,876,1,3,"Najib  Miss. Adele Kiamie ""Jane""",female,15.0,0,0,2667,7.2249999,C,0,0
874,877,0,3,Gustafsson  Mr. Alfred Ossian,male,20.0,0,0,7534,9.8458004,S,0,0
875,878,0,3,Petroff  Mr. Nedelio,male,19.0,0,0,349212,7.8958001,S,0,0
876,879,0,3,Laleff  Mr. Kristo,male,27.986140209531754,0,0,349217,7.8958001,S,0,0
877,880,1,1,Potter  Mrs. Thomas Jr (Lily Alexenia Wilson),female,56.0,0,1,11767,83.158302,C,1,1
878,881,1,2,Shelley  Mrs. William (Imanita Parrish Hall),female,25.0,0,1,230433,26.0,S,1,1
879,882,0,3,Markun  Mr. Johann,male,33.0,0,0,349257,7.8958001,S,0,0
880,883,0,3,Dahlberg  Miss. Gerda Ulrika,female,22.0,0,0,7552,10.5167,S,0,0
881,884,0,2,Banfield  Mr. Frederick James,male,28.0,0,0,C.A./SOTON 34068,10.5,S,0,0
882,885,0,3,Sutehall  Mr. Henry Jr,male,25.0,0,0,SOTON/OQ 392076,7.0500002,S,0,0
883,886,0,3,Rice  Mrs. William (Margaret Norton),female,39.0,0,5,382652,29.125,Q,5,0
884,887,0,2,Montvila  Rev. Juozas,male,27.0,0,0,211536,13.0,S,0,0
885,888,1,1,Graham  Miss. Margaret Edith,female,19.0,0,0,112053,30.0,S,0,0
886,889,0,3,"Johnston  Miss. Catherine Helen ""Carrie""",female,14.95633333333333,1,2,W./C. 6607,23.450001,S,3,0
887,890,1,1,Behr  Mr. Karl Howell,male,26.0,0,0,111369,30.0,C,0,0
888,891,0,3,Dooley  Mr. Patrick,male,32.0,0,0,370376,7.75,Q,0,0
